x_velocity,y_velocity,vtkValidPointMask,arc_length,Points:0,Points:1,Points:2
0.00000e+00,0.00000e+00,1,0.00000e+00,3.00000e+01,0.00000e+00,5.00000e+00
-2.56744e-02,-1.70029e-04,1,4.00000e-02,3.00000e+01,4.00000e-02,5.00000e+00
-3.98099e-02,-6.10668e-04,1,8.00000e-02,3.00000e+01,8.00000e-02,5.00000e+00
-4.53536e-02,-1.27349e-03,1,1.20000e-01,3.00000e+01,1.20000e-01,5.00000e+00
-4.42055e-02,-2.14325e-03,1,1.60000e-01,3.00000e+01,1.60000e-01,5.00000e+00
-3.95428e-02,-3.08691e-03,1,2.00000e-01,3.00000e+01,2.00000e-01,5.00000e+00
-3.30865e-02,-4.15536e-03,1,2.40000e-01,3.00000e+01,2.40000e-01,5.00000e+00
-2.59267e-02,-5.27394e-03,1,2.80000e-01,3.00000e+01,2.80000e-01,5.00000e+00
-1.87521e-02,-6.38273e-03,1,3.20000e-01,3.00000e+01,3.20000e-01,5.00000e+00
-1.21748e-02,-7.55394e-03,1,3.60000e-01,3.00000e+01,3.60000e-01,5.00000e+00
-7.48134e-03,-8.68805e-03,1,4.00000e-01,3.00000e+01,4.00000e-01,5.00000e+00
-2.77093e-03,-9.83566e-03,1,4.40000e-01,3.00000e+01,4.40000e-01,5.00000e+00
6.11355e-04,-1.09702e-02,1,4.80000e-01,3.00000e+01,4.80000e-01,5.00000e+00
1.71691e-03,-1.20652e-02,1,5.20000e-01,3.00000e+01,5.20000e-01,5.00000e+00
2.82247e-03,-1.31603e-02,1,5.60000e-01,3.00000e+01,5.60000e-01,5.00000e+00
3.92803e-03,-1.42553e-02,1,6.00000e-01,3.00000e+01,6.00000e-01,5.00000e+00
5.03358e-03,-1.53503e-02,1,6.40000e-01,3.00000e+01,6.40000e-01,5.00000e+00
6.15131e-03,-1.64531e-02,1,6.80000e-01,3.00000e+01,6.80000e-01,5.00000e+00
6.18808e-03,-1.75264e-02,1,7.20000e-01,3.00000e+01,7.20000e-01,5.00000e+00
5.57810e-03,-1.85752e-02,1,7.60000e-01,3.00000e+01,7.60000e-01,5.00000e+00
4.94807e-03,-1.96104e-02,1,8.00000e-01,3.00000e+01,8.00000e-01,5.00000e+00
4.31540e-03,-2.06439e-02,1,8.40000e-01,3.00000e+01,8.40000e-01,5.00000e+00
3.68273e-03,-2.16774e-02,1,8.80000e-01,3.00000e+01,8.80000e-01,5.00000e+00
3.05005e-03,-2.27108e-02,1,9.20000e-01,3.00000e+01,9.20000e-01,5.00000e+00
2.41738e-03,-2.37443e-02,1,9.60000e-01,3.00000e+01,9.60000e-01,5.00000e+00
1.78471e-03,-2.47778e-02,1,1.00000e+00,3.00000e+01,1.00000e+00,5.00000e+00
1.51133e-03,-2.57474e-02,1,1.04000e+00,3.00000e+01,1.04000e+00,5.00000e+00
1.33830e-03,-2.67084e-02,1,1.08000e+00,3.00000e+01,1.08000e+00,5.00000e+00
1.18731e-03,-2.77045e-02,1,1.12000e+00,3.00000e+01,1.12000e+00,5.00000e+00
1.03633e-03,-2.87005e-02,1,1.16000e+00,3.00000e+01,1.16000e+00,5.00000e+00
8.85353e-04,-2.96966e-02,1,1.20000e+00,3.00000e+01,1.20000e+00,5.00000e+00
7.34372e-04,-3.06926e-02,1,1.24000e+00,3.00000e+01,1.24000e+00,5.00000e+00
5.83392e-04,-3.16887e-02,1,1.28000e+00,3.00000e+01,1.28000e+00,5.00000e+00
4.32411e-04,-3.26847e-02,1,1.32000e+00,3.00000e+01,1.32000e+00,5.00000e+00
2.94742e-04,-3.36658e-02,1,1.36000e+00,3.00000e+01,1.36000e+00,5.00000e+00
2.07343e-04,-3.45902e-02,1,1.40000e+00,3.00000e+01,1.40000e+00,5.00000e+00
1.19944e-04,-3.55146e-02,1,1.44000e+00,3.00000e+01,1.44000e+00,5.00000e+00
3.25455e-05,-3.64390e-02,1,1.48000e+00,3.00000e+01,1.48000e+00,5.00000e+00
-2.26426e-05,-3.73922e-02,1,1.52000e+00,3.00000e+01,1.52000e+00,5.00000e+00
-6.74845e-05,-3.83546e-02,1,1.56000e+00,3.00000e+01,1.56000e+00,5.00000e+00
-1.12327e-04,-3.93170e-02,1,1.60000e+00,3.00000e+01,1.60000e+00,5.00000e+00
-1.57169e-04,-4.02795e-02,1,1.64000e+00,3.00000e+01,1.64000e+00,5.00000e+00
-3.51053e-04,-4.12135e-02,1,1.68000e+00,3.00000e+01,1.68000e+00,5.00000e+00
-7.98556e-04,-4.20994e-02,1,1.72000e+00,3.00000e+01,1.72000e+00,5.00000e+00
-1.24606e-03,-4.29852e-02,1,1.76000e+00,3.00000e+01,1.76000e+00,5.00000e+00
-1.69356e-03,-4.38710e-02,1,1.80000e+00,3.00000e+01,1.80000e+00,5.00000e+00
-2.10147e-03,-4.47806e-02,1,1.84000e+00,3.00000e+01,1.84000e+00,5.00000e+00
-2.49343e-03,-4.56997e-02,1,1.88000e+00,3.00000e+01,1.88000e+00,5.00000e+00
-2.82601e-03,-4.65824e-02,1,1.92000e+00,3.00000e+01,1.92000e+00,5.00000e+00
-3.12363e-03,-4.74436e-02,1,1.96000e+00,3.00000e+01,1.96000e+00,5.00000e+00
-3.37433e-03,-4.83265e-02,1,2.00000e+00,3.00000e+01,2.00000e+00,5.00000e+00
-3.65412e-03,-4.91681e-02,1,2.04000e+00,3.00000e+01,2.04000e+00,5.00000e+00
-3.93392e-03,-5.00098e-02,1,2.08000e+00,3.00000e+01,2.08000e+00,5.00000e+00
-4.18726e-03,-5.08619e-02,1,2.12000e+00,3.00000e+01,2.12000e+00,5.00000e+00
-4.48724e-03,-5.16806e-02,1,2.16000e+00,3.00000e+01,2.16000e+00,5.00000e+00
-4.81061e-03,-5.24863e-02,1,2.20000e+00,3.00000e+01,2.20000e+00,5.00000e+00
-5.13399e-03,-5.32919e-02,1,2.24000e+00,3.00000e+01,2.24000e+00,5.00000e+00
-5.45736e-03,-5.40975e-02,1,2.28000e+00,3.00000e+01,2.28000e+00,5.00000e+00
-5.78073e-03,-5.49031e-02,1,2.32000e+00,3.00000e+01,2.32000e+00,5.00000e+00
-6.10411e-03,-5.57088e-02,1,2.36000e+00,3.00000e+01,2.36000e+00,5.00000e+00
-6.42748e-03,-5.65144e-02,1,2.40000e+00,3.00000e+01,2.40000e+00,5.00000e+00
-6.82342e-03,-5.72450e-02,1,2.44000e+00,3.00000e+01,2.44000e+00,5.00000e+00
-7.22755e-03,-5.79619e-02,1,2.48000e+00,3.00000e+01,2.48000e+00,5.00000e+00
-7.63168e-03,-5.86788e-02,1,2.52000e+00,3.00000e+01,2.52000e+00,5.00000e+00
-8.03581e-03,-5.93956e-02,1,2.56000e+00,3.00000e+01,2.56000e+00,5.00000e+00
-8.43994e-03,-6.01125e-02,1,2.60000e+00,3.00000e+01,2.60000e+00,5.00000e+00
-8.84408e-03,-6.08294e-02,1,2.64000e+00,3.00000e+01,2.64000e+00,5.00000e+00
-9.24821e-03,-6.15463e-02,1,2.68000e+00,3.00000e+01,2.68000e+00,5.00000e+00
-9.65234e-03,-6.22631e-02,1,2.72000e+00,3.00000e+01,2.72000e+00,5.00000e+00
-1.00565e-02,-6.29800e-02,1,2.76000e+00,3.00000e+01,2.76000e+00,5.00000e+00
-1.04918e-02,-6.36725e-02,1,2.80000e+00,3.00000e+01,2.80000e+00,5.00000e+00
-1.10300e-02,-6.42845e-02,1,2.84000e+00,3.00000e+01,2.84000e+00,5.00000e+00
-1.15683e-02,-6.48966e-02,1,2.88000e+00,3.00000e+01,2.88000e+00,5.00000e+00
-1.20074e-02,-6.55161e-02,1,2.92000e+00,3.00000e+01,2.92000e+00,5.00000e+00
-1.24388e-02,-6.61361e-02,1,2.96000e+00,3.00000e+01,2.96000e+00,5.00000e+00
-1.28701e-02,-6.67562e-02,1,3.00000e+00,3.00000e+01,3.00000e+00,5.00000e+00
-1.33014e-02,-6.73763e-02,1,3.04000e+00,3.00000e+01,3.04000e+00,5.00000e+00
-1.37328e-02,-6.79963e-02,1,3.08000e+00,3.00000e+01,3.08000e+00,5.00000e+00
-1.41641e-02,-6.86164e-02,1,3.12000e+00,3.00000e+01,3.12000e+00,5.00000e+00
-1.45955e-02,-6.92364e-02,1,3.16000e+00,3.00000e+01,3.16000e+00,5.00000e+00
-1.50268e-02,-6.98565e-02,1,3.20000e+00,3.00000e+01,3.20000e+00,5.00000e+00
-1.55517e-02,-7.03998e-02,1,3.24000e+00,3.00000e+01,3.24000e+00,5.00000e+00
-1.61049e-02,-7.09198e-02,1,3.28000e+00,3.00000e+01,3.28000e+00,5.00000e+00
-1.66582e-02,-7.14398e-02,1,3.32000e+00,3.00000e+01,3.32000e+00,5.00000e+00
-1.72114e-02,-7.19598e-02,1,3.36000e+00,3.00000e+01,3.36000e+00,5.00000e+00
-1.77075e-02,-7.24763e-02,1,3.40000e+00,3.00000e+01,3.40000e+00,5.00000e+00
-1.81392e-02,-7.29889e-02,1,3.44000e+00,3.00000e+01,3.44000e+00,5.00000e+00
-1.85709e-02,-7.35015e-02,1,3.48000e+00,3.00000e+01,3.48000e+00,5.00000e+00
-1.90027e-02,-7.40141e-02,1,3.52000e+00,3.00000e+01,3.52000e+00,5.00000e+00
-1.94344e-02,-7.45267e-02,1,3.56000e+00,3.00000e+01,3.56000e+00,5.00000e+00
-1.98920e-02,-7.50232e-02,1,3.60000e+00,3.00000e+01,3.60000e+00,5.00000e+00
-2.04488e-02,-7.54584e-02,1,3.64000e+00,3.00000e+01,3.64000e+00,5.00000e+00
-2.10056e-02,-7.58936e-02,1,3.68000e+00,3.00000e+01,3.68000e+00,5.00000e+00
-2.15623e-02,-7.63289e-02,1,3.72000e+00,3.00000e+01,3.72000e+00,5.00000e+00
-2.21191e-02,-7.67641e-02,1,3.76000e+00,3.00000e+01,3.76000e+00,5.00000e+00
-2.25648e-02,-7.71827e-02,1,3.80000e+00,3.00000e+01,3.80000e+00,5.00000e+00
-2.29845e-02,-7.75974e-02,1,3.84000e+00,3.00000e+01,3.84000e+00,5.00000e+00
-2.34324e-02,-7.80054e-02,1,3.88000e+00,3.00000e+01,3.88000e+00,5.00000e+00
-2.39890e-02,-7.83872e-02,1,3.92000e+00,3.00000e+01,3.92000e+00,5.00000e+00
-2.45456e-02,-7.87690e-02,1,3.96000e+00,3.00000e+01,3.96000e+00,5.00000e+00
-2.49645e-02,-7.91237e-02,1,4.00000e+00,3.00000e+01,4.00000e+00,5.00000e+00
-2.55132e-02,-7.94699e-02,1,4.04000e+00,3.00000e+01,4.04000e+00,5.00000e+00
-2.60619e-02,-7.98162e-02,1,4.08000e+00,3.00000e+01,4.08000e+00,5.00000e+00
-2.65348e-02,-8.01454e-02,1,4.12000e+00,3.00000e+01,4.12000e+00,5.00000e+00
-2.70342e-02,-8.04374e-02,1,4.16000e+00,3.00000e+01,4.16000e+00,5.00000e+00
-2.75611e-02,-8.07243e-02,1,4.20000e+00,3.00000e+01,4.20000e+00,5.00000e+00
-2.80881e-02,-8.10113e-02,1,4.24000e+00,3.00000e+01,4.24000e+00,5.00000e+00
-2.86150e-02,-8.12982e-02,1,4.28000e+00,3.00000e+01,4.28000e+00,5.00000e+00
-2.91419e-02,-8.15851e-02,1,4.32000e+00,3.00000e+01,4.32000e+00,5.00000e+00
-2.96689e-02,-8.18721e-02,1,4.36000e+00,3.00000e+01,4.36000e+00,5.00000e+00
-3.01404e-02,-8.21443e-02,1,4.40000e+00,3.00000e+01,4.40000e+00,5.00000e+00
-3.06074e-02,-8.23461e-02,1,4.44000e+00,3.00000e+01,4.44000e+00,5.00000e+00
-3.10967e-02,-8.25357e-02,1,4.48000e+00,3.00000e+01,4.48000e+00,5.00000e+00
-3.15861e-02,-8.27253e-02,1,4.52000e+00,3.00000e+01,4.52000e+00,5.00000e+00
-3.20754e-02,-8.29149e-02,1,4.56000e+00,3.00000e+01,4.56000e+00,5.00000e+00
-3.25834e-02,-8.30905e-02,1,4.60000e+00,3.00000e+01,4.60000e+00,5.00000e+00
-3.30933e-02,-8.32646e-02,1,4.64000e+00,3.00000e+01,4.64000e+00,5.00000e+00
-3.36032e-02,-8.34388e-02,1,4.68000e+00,3.00000e+01,4.68000e+00,5.00000e+00
-3.41131e-02,-8.36129e-02,1,4.72000e+00,3.00000e+01,4.72000e+00,5.00000e+00
-3.46230e-02,-8.37871e-02,1,4.76000e+00,3.00000e+01,4.76000e+00,5.00000e+00
-3.51519e-02,-8.39483e-02,1,4.80000e+00,3.00000e+01,4.80000e+00,5.00000e+00
-3.57432e-02,-8.40668e-02,1,4.84000e+00,3.00000e+01,4.84000e+00,5.00000e+00
-3.62018e-02,-8.41266e-02,1,4.88000e+00,3.00000e+01,4.88000e+00,5.00000e+00
-3.66572e-02,-8.41851e-02,1,4.92000e+00,3.00000e+01,4.92000e+00,5.00000e+00
-3.71127e-02,-8.42436e-02,1,4.96000e+00,3.00000e+01,4.96000e+00,5.00000e+00
-3.75682e-02,-8.43021e-02,1,5.00000e+00,3.00000e+01,5.00000e+00,5.00000e+00
-3.80237e-02,-8.43606e-02,1,5.04000e+00,3.00000e+01,5.04000e+00,5.00000e+00
-3.84791e-02,-8.44191e-02,1,5.08000e+00,3.00000e+01,5.08000e+00,5.00000e+00
-3.89346e-02,-8.44776e-02,1,5.12000e+00,3.00000e+01,5.12000e+00,5.00000e+00
-3.93901e-02,-8.45361e-02,1,5.16000e+00,3.00000e+01,5.16000e+00,5.00000e+00
-3.98455e-02,-8.45946e-02,1,5.20000e+00,3.00000e+01,5.20000e+00,5.00000e+00
-4.03532e-02,-8.46190e-02,1,5.24000e+00,3.00000e+01,5.24000e+00,5.00000e+00
-4.08768e-02,-8.46331e-02,1,5.28000e+00,3.00000e+01,5.28000e+00,5.00000e+00
-4.14003e-02,-8.46471e-02,1,5.32000e+00,3.00000e+01,5.32000e+00,5.00000e+00
-4.18482e-02,-8.46220e-02,1,5.36000e+00,3.00000e+01,5.36000e+00,5.00000e+00
-4.22356e-02,-8.45654e-02,1,5.40000e+00,3.00000e+01,5.40000e+00,5.00000e+00
-4.26230e-02,-8.45087e-02,1,5.44000e+00,3.00000e+01,5.44000e+00,5.00000e+00
-4.30105e-02,-8.44521e-02,1,5.48000e+00,3.00000e+01,5.48000e+00,5.00000e+00
-4.33979e-02,-8.43955e-02,1,5.52000e+00,3.00000e+01,5.52000e+00,5.00000e+00
-4.37853e-02,-8.43389e-02,1,5.56000e+00,3.00000e+01,5.56000e+00,5.00000e+00
-4.41880e-02,-8.42795e-02,1,5.60000e+00,3.00000e+01,5.60000e+00,5.00000e+00
-4.46490e-02,-8.42093e-02,1,5.64000e+00,3.00000e+01,5.64000e+00,5.00000e+00
-4.51101e-02,-8.41391e-02,1,5.68000e+00,3.00000e+01,5.68000e+00,5.00000e+00
-4.55712e-02,-8.40690e-02,1,5.72000e+00,3.00000e+01,5.72000e+00,5.00000e+00
-4.59436e-02,-8.39473e-02,1,5.76000e+00,3.00000e+01,5.76000e+00,5.00000e+00
-4.62663e-02,-8.37968e-02,1,5.80000e+00,3.00000e+01,5.80000e+00,5.00000e+00
-4.65891e-02,-8.36463e-02,1,5.84000e+00,3.00000e+01,5.84000e+00,5.00000e+00
-4.69324e-02,-8.35024e-02,1,5.88000e+00,3.00000e+01,5.88000e+00,5.00000e+00
-4.73550e-02,-8.33837e-02,1,5.92000e+00,3.00000e+01,5.92000e+00,5.00000e+00
-4.77385e-02,-8.32409e-02,1,5.96000e+00,3.00000e+01,5.96000e+00,5.00000e+00
-4.80169e-02,-8.30330e-02,1,6.00000e+00,3.00000e+01,6.00000e+00,5.00000e+00
-4.84106e-02,-8.28825e-02,1,6.04000e+00,3.00000e+01,6.04000e+00,5.00000e+00
-4.88043e-02,-8.27320e-02,1,6.08000e+00,3.00000e+01,6.08000e+00,5.00000e+00
-4.90754e-02,-8.25027e-02,1,6.12000e+00,3.00000e+01,6.12000e+00,5.00000e+00
-4.93986e-02,-8.22920e-02,1,6.16000e+00,3.00000e+01,6.16000e+00,5.00000e+00
-4.97400e-02,-8.20891e-02,1,6.20000e+00,3.00000e+01,6.20000e+00,5.00000e+00
-5.00815e-02,-8.18862e-02,1,6.24000e+00,3.00000e+01,6.24000e+00,5.00000e+00
-5.04229e-02,-8.16833e-02,1,6.28000e+00,3.00000e+01,6.28000e+00,5.00000e+00
-5.07643e-02,-8.14804e-02,1,6.32000e+00,3.00000e+01,6.32000e+00,5.00000e+00
-5.10639e-02,-8.12490e-02,1,6.36000e+00,3.00000e+01,6.36000e+00,5.00000e+00
-5.12808e-02,-8.09612e-02,1,6.40000e+00,3.00000e+01,6.40000e+00,5.00000e+00
-5.15315e-02,-8.06793e-02,1,6.44000e+00,3.00000e+01,6.44000e+00,5.00000e+00
-5.17911e-02,-8.03988e-02,1,6.48000e+00,3.00000e+01,6.48000e+00,5.00000e+00
-5.20507e-02,-8.01184e-02,1,6.52000e+00,3.00000e+01,6.52000e+00,5.00000e+00
-5.23103e-02,-7.98379e-02,1,6.56000e+00,3.00000e+01,6.56000e+00,5.00000e+00
-5.25699e-02,-7.95575e-02,1,6.60000e+00,3.00000e+01,6.60000e+00,5.00000e+00
-5.28295e-02,-7.92771e-02,1,6.64000e+00,3.00000e+01,6.64000e+00,5.00000e+00
-5.30891e-02,-7.89966e-02,1,6.68000e+00,3.00000e+01,6.68000e+00,5.00000e+00
-5.33487e-02,-7.87162e-02,1,6.72000e+00,3.00000e+01,6.72000e+00,5.00000e+00
-5.36082e-02,-7.84357e-02,1,6.76000e+00,3.00000e+01,6.76000e+00,5.00000e+00
-5.38169e-02,-7.81148e-02,1,6.80000e+00,3.00000e+01,6.80000e+00,5.00000e+00
-5.39792e-02,-7.77515e-02,1,6.84000e+00,3.00000e+01,6.84000e+00,5.00000e+00
-5.41411e-02,-7.73904e-02,1,6.88000e+00,3.00000e+01,6.88000e+00,5.00000e+00
-5.43031e-02,-7.70294e-02,1,6.92000e+00,3.00000e+01,6.92000e+00,5.00000e+00
-5.44651e-02,-7.66685e-02,1,6.96000e+00,3.00000e+01,6.96000e+00,5.00000e+00
-5.46270e-02,-7.63075e-02,1,7.00000e+00,3.00000e+01,7.00000e+00,5.00000e+00
-5.47890e-02,-7.59465e-02,1,7.04000e+00,3.00000e+01,7.04000e+00,5.00000e+00
-5.49510e-02,-7.55856e-02,1,7.08000e+00,3.00000e+01,7.08000e+00,5.00000e+00
-5.51129e-02,-7.52246e-02,1,7.12000e+00,3.00000e+01,7.12000e+00,5.00000e+00
-5.52749e-02,-7.48636e-02,1,7.16000e+00,3.00000e+01,7.16000e+00,5.00000e+00
-5.54368e-02,-7.45027e-02,1,7.20000e+00,3.00000e+01,7.20000e+00,5.00000e+00
-5.55768e-02,-7.41470e-02,1,7.24000e+00,3.00000e+01,7.24000e+00,5.00000e+00
-5.57101e-02,-7.37930e-02,1,7.28000e+00,3.00000e+01,7.28000e+00,5.00000e+00
-5.57992e-02,-7.33908e-02,1,7.32000e+00,3.00000e+01,7.32000e+00,5.00000e+00
-5.58627e-02,-7.29606e-02,1,7.36000e+00,3.00000e+01,7.36000e+00,5.00000e+00
-5.59261e-02,-7.25304e-02,1,7.40000e+00,3.00000e+01,7.40000e+00,5.00000e+00
-5.59896e-02,-7.21002e-02,1,7.44000e+00,3.00000e+01,7.44000e+00,5.00000e+00
-5.60530e-02,-7.16700e-02,1,7.48000e+00,3.00000e+01,7.48000e+00,5.00000e+00
-5.61164e-02,-7.12398e-02,1,7.52000e+00,3.00000e+01,7.52000e+00,5.00000e+00
-5.61799e-02,-7.08097e-02,1,7.56000e+00,3.00000e+01,7.56000e+00,5.00000e+00
-5.62397e-02,-7.03851e-02,1,7.60000e+00,3.00000e+01,7.60000e+00,5.00000e+00
-5.62858e-02,-6.99822e-02,1,7.64000e+00,3.00000e+01,7.64000e+00,5.00000e+00
-5.63318e-02,-6.95793e-02,1,7.68000e+00,3.00000e+01,7.68000e+00,5.00000e+00
-5.63660e-02,-6.91617e-02,1,7.72000e+00,3.00000e+01,7.72000e+00,5.00000e+00
-5.63505e-02,-6.86827e-02,1,7.76000e+00,3.00000e+01,7.76000e+00,5.00000e+00
-5.63350e-02,-6.82038e-02,1,7.80000e+00,3.00000e+01,7.80000e+00,5.00000e+00
-5.63195e-02,-6.77249e-02,1,7.84000e+00,3.00000e+01,7.84000e+00,5.00000e+00
-5.63062e-02,-6.72566e-02,1,7.88000e+00,3.00000e+01,7.88000e+00,5.00000e+00
-5.63016e-02,-6.68295e-02,1,7.92000e+00,3.00000e+01,7.92000e+00,5.00000e+00
-5.62703e-02,-6.63662e-02,1,7.96000e+00,3.00000e+01,7.96000e+00,5.00000e+00
-5.62076e-02,-6.58605e-02,1,8.00000e+00,3.00000e+01,8.00000e+00,5.00000e+00
-5.61704e-02,-6.54178e-02,1,8.04000e+00,3.00000e+01,8.04000e+00,5.00000e+00
-5.61314e-02,-6.49726e-02,1,8.08000e+00,3.00000e+01,8.08000e+00,5.00000e+00
-5.60419e-02,-6.44542e-02,1,8.12000e+00,3.00000e+01,8.12000e+00,5.00000e+00
-5.59530e-02,-6.39763e-02,1,8.16000e+00,3.00000e+01,8.16000e+00,5.00000e+00
-5.58641e-02,-6.35091e-02,1,8.20000e+00,3.00000e+01,8.20000e+00,5.00000e+00
-5.57753e-02,-6.30418e-02,1,8.24000e+00,3.00000e+01,8.24000e+00,5.00000e+00
-5.56865e-02,-6.25745e-02,1,8.28000e+00,3.00000e+01,8.28000e+00,5.00000e+00
-5.55976e-02,-6.21072e-02,1,8.32000e+00,3.00000e+01,8.32000e+00,5.00000e+00
-5.54854e-02,-6.16014e-02,1,8.36000e+00,3.00000e+01,8.36000e+00,5.00000e+00
-5.53572e-02,-6.10691e-02,1,8.40000e+00,3.00000e+01,8.40000e+00,5.00000e+00
-5.52008e-02,-6.05653e-02,1,8.44000e+00,3.00000e+01,8.44000e+00,5.00000e+00
-5.50371e-02,-6.00690e-02,1,8.48000e+00,3.00000e+01,8.48000e+00,5.00000e+00
-5.48733e-02,-5.95727e-02,1,8.52000e+00,3.00000e+01,8.52000e+00,5.00000e+00
-5.47095e-02,-5.90764e-02,1,8.56000e+00,3.00000e+01,8.56000e+00,5.00000e+00
-5.45458e-02,-5.85801e-02,1,8.60000e+00,3.00000e+01,8.60000e+00,5.00000e+00
-5.43820e-02,-5.80837e-02,1,8.64000e+00,3.00000e+01,8.64000e+00,5.00000e+00
-5.42182e-02,-5.75874e-02,1,8.68000e+00,3.00000e+01,8.68000e+00,5.00000e+00
-5.40545e-02,-5.70911e-02,1,8.72000e+00,3.00000e+01,8.72000e+00,5.00000e+00
-5.38907e-02,-5.65948e-02,1,8.76000e+00,3.00000e+01,8.76000e+00,5.00000e+00
-5.37010e-02,-5.60760e-02,1,8.80000e+00,3.00000e+01,8.80000e+00,5.00000e+00
-5.34596e-02,-5.55593e-02,1,8.84000e+00,3.00000e+01,8.84000e+00,5.00000e+00
-5.32099e-02,-5.50511e-02,1,8.88000e+00,3.00000e+01,8.88000e+00,5.00000e+00
-5.29588e-02,-5.45445e-02,1,8.92000e+00,3.00000e+01,8.92000e+00,5.00000e+00
-5.27077e-02,-5.40378e-02,1,8.96000e+00,3.00000e+01,8.96000e+00,5.00000e+00
-5.24566e-02,-5.35311e-02,1,9.00000e+00,3.00000e+01,9.00000e+00,5.00000e+00
-5.22055e-02,-5.30245e-02,1,9.04000e+00,3.00000e+01,9.04000e+00,5.00000e+00
-5.19544e-02,-5.25178e-02,1,9.08000e+00,3.00000e+01,9.08000e+00,5.00000e+00
-5.17033e-02,-5.20111e-02,1,9.12000e+00,3.00000e+01,9.12000e+00,5.00000e+00
-5.14521e-02,-5.15045e-02,1,9.16000e+00,3.00000e+01,9.16000e+00,5.00000e+00
-5.12010e-02,-5.09978e-02,1,9.20000e+00,3.00000e+01,9.20000e+00,5.00000e+00
-5.09021e-02,-5.05071e-02,1,9.24000e+00,3.00000e+01,9.24000e+00,5.00000e+00
-5.05886e-02,-5.00212e-02,1,9.28000e+00,3.00000e+01,9.28000e+00,5.00000e+00
-5.02751e-02,-4.95354e-02,1,9.32000e+00,3.00000e+01,9.32000e+00,5.00000e+00
-4.99607e-02,-4.90369e-02,1,9.36000e+00,3.00000e+01,9.36000e+00,5.00000e+00
-4.96451e-02,-4.85237e-02,1,9.40000e+00,3.00000e+01,9.40000e+00,5.00000e+00
-4.93296e-02,-4.80104e-02,1,9.44000e+00,3.00000e+01,9.44000e+00,5.00000e+00
-4.90140e-02,-4.74971e-02,1,9.48000e+00,3.00000e+01,9.48000e+00,5.00000e+00
-4.86984e-02,-4.69838e-02,1,9.52000e+00,3.00000e+01,9.52000e+00,5.00000e+00
-4.83829e-02,-4.64706e-02,1,9.56000e+00,3.00000e+01,9.56000e+00,5.00000e+00
-4.80575e-02,-4.59629e-02,1,9.60000e+00,3.00000e+01,9.60000e+00,5.00000e+00
-4.76950e-02,-4.54767e-02,1,9.64000e+00,3.00000e+01,9.64000e+00,5.00000e+00
-4.73324e-02,-4.49904e-02,1,9.68000e+00,3.00000e+01,9.68000e+00,5.00000e+00
-4.69698e-02,-4.45042e-02,1,9.72000e+00,3.00000e+01,9.72000e+00,5.00000e+00
-4.66072e-02,-4.40180e-02,1,9.76000e+00,3.00000e+01,9.76000e+00,5.00000e+00
-4.62487e-02,-4.35166e-02,1,9.80000e+00,3.00000e+01,9.80000e+00,5.00000e+00
-4.58922e-02,-4.30075e-02,1,9.84000e+00,3.00000e+01,9.84000e+00,5.00000e+00
-4.55292e-02,-4.25041e-02,1,9.88000e+00,3.00000e+01,9.88000e+00,5.00000e+00
-4.51413e-02,-4.20224e-02,1,9.92000e+00,3.00000e+01,9.92000e+00,5.00000e+00
-4.47535e-02,-4.15406e-02,1,9.96000e+00,3.00000e+01,9.96000e+00,5.00000e+00
-4.43741e-02,-4.10449e-02,1,1.00000e+01,3.00000e+01,1.00000e+01,5.00000e+00
-4.39731e-02,-4.05668e-02,1,1.00400e+01,3.00000e+01,1.00400e+01,5.00000e+00
-4.35720e-02,-4.00886e-02,1,1.00800e+01,3.00000e+01,1.00800e+01,5.00000e+00
-4.31733e-02,-3.96079e-02,1,1.01200e+01,3.00000e+01,1.01200e+01,5.00000e+00
-4.27631e-02,-3.91321e-02,1,1.01600e+01,3.00000e+01,1.01600e+01,5.00000e+00
-4.23463e-02,-3.86615e-02,1,1.02000e+01,3.00000e+01,1.02000e+01,5.00000e+00
-4.19295e-02,-3.81909e-02,1,1.02400e+01,3.00000e+01,1.02400e+01,5.00000e+00
-4.15107e-02,-3.77217e-02,1,1.02800e+01,3.00000e+01,1.02800e+01,5.00000e+00
-4.10863e-02,-3.72563e-02,1,1.03200e+01,3.00000e+01,1.03200e+01,5.00000e+00
-4.06619e-02,-3.67908e-02,1,1.03600e+01,3.00000e+01,1.03600e+01,5.00000e+00
-4.02375e-02,-3.63254e-02,1,1.04000e+01,3.00000e+01,1.04000e+01,5.00000e+00
-3.97949e-02,-3.58769e-02,1,1.04400e+01,3.00000e+01,1.04400e+01,5.00000e+00
-3.93474e-02,-3.54327e-02,1,1.04800e+01,3.00000e+01,1.04800e+01,5.00000e+00
-3.88999e-02,-3.49886e-02,1,1.05200e+01,3.00000e+01,1.05200e+01,5.00000e+00
-3.84524e-02,-3.45445e-02,1,1.05600e+01,3.00000e+01,1.05600e+01,5.00000e+00
-3.80049e-02,-3.41003e-02,1,1.06000e+01,3.00000e+01,1.06000e+01,5.00000e+00
-3.75604e-02,-3.36552e-02,1,1.06400e+01,3.00000e+01,1.06400e+01,5.00000e+00
-3.71176e-02,-3.32094e-02,1,1.06800e+01,3.00000e+01,1.06800e+01,5.00000e+00
-3.66747e-02,-3.27636e-02,1,1.07200e+01,3.00000e+01,1.07200e+01,5.00000e+00
-3.62319e-02,-3.23179e-02,1,1.07600e+01,3.00000e+01,1.07600e+01,5.00000e+00
-3.57863e-02,-3.18795e-02,1,1.08000e+01,3.00000e+01,1.08000e+01,5.00000e+00
-3.53319e-02,-3.14658e-02,1,1.08400e+01,3.00000e+01,1.08400e+01,5.00000e+00
-3.48775e-02,-3.10520e-02,1,1.08800e+01,3.00000e+01,1.08800e+01,5.00000e+00
-3.44203e-02,-3.06387e-02,1,1.09200e+01,3.00000e+01,1.09200e+01,5.00000e+00
-3.39556e-02,-3.02269e-02,1,1.09600e+01,3.00000e+01,1.09600e+01,5.00000e+00
-3.34909e-02,-2.98151e-02,1,1.10000e+01,3.00000e+01,1.10000e+01,5.00000e+00
-3.30262e-02,-2.94033e-02,1,1.10400e+01,3.00000e+01,1.10400e+01,5.00000e+00
-3.25615e-02,-2.89915e-02,1,1.10800e+01,3.00000e+01,1.10800e+01,5.00000e+00
-3.20968e-02,-2.85797e-02,1,1.11200e+01,3.00000e+01,1.11200e+01,5.00000e+00
-3.16321e-02,-2.81678e-02,1,1.11600e+01,3.00000e+01,1.11600e+01,5.00000e+00
-3.11674e-02,-2.77560e-02,1,1.12000e+01,3.00000e+01,1.12000e+01,5.00000e+00
-3.07039e-02,-2.73714e-02,1,1.12400e+01,3.00000e+01,1.12400e+01,5.00000e+00
-3.02407e-02,-2.69951e-02,1,1.12800e+01,3.00000e+01,1.12800e+01,5.00000e+00
-2.97774e-02,-2.66187e-02,1,1.13200e+01,3.00000e+01,1.13200e+01,5.00000e+00
-2.93142e-02,-2.62424e-02,1,1.13600e+01,3.00000e+01,1.13600e+01,5.00000e+00
-2.88510e-02,-2.58660e-02,1,1.14000e+01,3.00000e+01,1.14000e+01,5.00000e+00
-2.83878e-02,-2.54897e-02,1,1.14400e+01,3.00000e+01,1.14400e+01,5.00000e+00
-2.79246e-02,-2.51133e-02,1,1.14800e+01,3.00000e+01,1.14800e+01,5.00000e+00
-2.74613e-02,-2.47370e-02,1,1.15200e+01,3.00000e+01,1.15200e+01,5.00000e+00
-2.69938e-02,-2.43613e-02,1,1.15600e+01,3.00000e+01,1.15600e+01,5.00000e+00
-2.65186e-02,-2.39912e-02,1,1.16000e+01,3.00000e+01,1.16000e+01,5.00000e+00
-2.60608e-02,-2.36494e-02,1,1.16400e+01,3.00000e+01,1.16400e+01,5.00000e+00
-2.56066e-02,-2.33090e-02,1,1.16800e+01,3.00000e+01,1.16800e+01,5.00000e+00
-2.51523e-02,-2.29686e-02,1,1.17200e+01,3.00000e+01,1.17200e+01,5.00000e+00
-2.46980e-02,-2.26282e-02,1,1.17600e+01,3.00000e+01,1.17600e+01,5.00000e+00
-2.42438e-02,-2.22877e-02,1,1.18000e+01,3.00000e+01,1.18000e+01,5.00000e+00
-2.37895e-02,-2.19473e-02,1,1.18400e+01,3.00000e+01,1.18400e+01,5.00000e+00
-2.33310e-02,-2.16084e-02,1,1.18800e+01,3.00000e+01,1.18800e+01,5.00000e+00
-2.28697e-02,-2.12814e-02,1,1.19200e+01,3.00000e+01,1.19200e+01,5.00000e+00
-2.24330e-02,-2.09655e-02,1,1.19600e+01,3.00000e+01,1.19600e+01,5.00000e+00
-2.19963e-02,-2.06496e-02,1,1.20000e+01,3.00000e+01,1.20000e+01,5.00000e+00
-2.15313e-02,-2.03299e-02,1,1.20400e+01,3.00000e+01,1.20400e+01,5.00000e+00
-2.10985e-02,-2.00260e-02,1,1.20800e+01,3.00000e+01,1.20800e+01,5.00000e+00
-2.06732e-02,-1.97258e-02,1,1.21200e+01,3.00000e+01,1.21200e+01,5.00000e+00
-2.02330e-02,-1.94293e-02,1,1.21600e+01,3.00000e+01,1.21600e+01,5.00000e+00
-1.97889e-02,-1.91337e-02,1,1.22000e+01,3.00000e+01,1.22000e+01,5.00000e+00
-1.93448e-02,-1.88381e-02,1,1.22400e+01,3.00000e+01,1.22400e+01,5.00000e+00
-1.89008e-02,-1.85425e-02,1,1.22800e+01,3.00000e+01,1.22800e+01,5.00000e+00
-1.84933e-02,-1.82669e-02,1,1.23200e+01,3.00000e+01,1.23200e+01,5.00000e+00
-1.80860e-02,-1.79914e-02,1,1.23600e+01,3.00000e+01,1.23600e+01,5.00000e+00
-1.76787e-02,-1.77159e-02,1,1.24000e+01,3.00000e+01,1.24000e+01,5.00000e+00
-1.72721e-02,-1.74572e-02,1,1.24400e+01,3.00000e+01,1.24400e+01,5.00000e+00
-1.68657e-02,-1.72029e-02,1,1.24800e+01,3.00000e+01,1.24800e+01,5.00000e+00
-1.64593e-02,-1.69487e-02,1,1.25200e+01,3.00000e+01,1.25200e+01,5.00000e+00
-1.60529e-02,-1.66944e-02,1,1.25600e+01,3.00000e+01,1.25600e+01,5.00000e+00
-1.56465e-02,-1.64402e-02,1,1.26000e+01,3.00000e+01,1.26000e+01,5.00000e+00
-1.52402e-02,-1.61859e-02,1,1.26400e+01,3.00000e+01,1.26400e+01,5.00000e+00
-1.48338e-02,-1.59316e-02,1,1.26800e+01,3.00000e+01,1.26800e+01,5.00000e+00
-1.44274e-02,-1.56774e-02,1,1.27200e+01,3.00000e+01,1.27200e+01,5.00000e+00
-1.40311e-02,-1.54294e-02,1,1.27600e+01,3.00000e+01,1.27600e+01,5.00000e+00
-1.36639e-02,-1.52041e-02,1,1.28000e+01,3.00000e+01,1.28000e+01,5.00000e+00
-1.33092e-02,-1.50027e-02,1,1.28400e+01,3.00000e+01,1.28400e+01,5.00000e+00
-1.29544e-02,-1.48012e-02,1,1.28800e+01,3.00000e+01,1.28800e+01,5.00000e+00
-1.25958e-02,-1.45988e-02,1,1.29200e+01,3.00000e+01,1.29200e+01,5.00000e+00
-1.22344e-02,-1.43956e-02,1,1.29600e+01,3.00000e+01,1.29600e+01,5.00000e+00
-1.18731e-02,-1.41924e-02,1,1.30000e+01,3.00000e+01,1.30000e+01,5.00000e+00
-1.15117e-02,-1.39892e-02,1,1.30400e+01,3.00000e+01,1.30400e+01,5.00000e+00
-1.11503e-02,-1.37860e-02,1,1.30800e+01,3.00000e+01,1.30800e+01,5.00000e+00
-1.07890e-02,-1.35828e-02,1,1.31200e+01,3.00000e+01,1.31200e+01,5.00000e+00
-1.04276e-02,-1.33796e-02,1,1.31600e+01,3.00000e+01,1.31600e+01,5.00000e+00
-1.00662e-02,-1.31765e-02,1,1.32000e+01,3.00000e+01,1.32000e+01,5.00000e+00
-9.70928e-03,-1.29835e-02,1,1.32400e+01,3.00000e+01,1.32400e+01,5.00000e+00
-9.35369e-03,-1.27936e-02,1,1.32800e+01,3.00000e+01,1.32800e+01,5.00000e+00
-9.03370e-03,-1.26314e-02,1,1.33200e+01,3.00000e+01,1.33200e+01,5.00000e+00
-8.73021e-03,-1.24820e-02,1,1.33600e+01,3.00000e+01,1.33600e+01,5.00000e+00
-8.42672e-03,-1.23326e-02,1,1.34000e+01,3.00000e+01,1.34000e+01,5.00000e+00
-8.12323e-03,-1.21832e-02,1,1.34400e+01,3.00000e+01,1.34400e+01,5.00000e+00
-7.81974e-03,-1.20338e-02,1,1.34800e+01,3.00000e+01,1.34800e+01,5.00000e+00
-7.51625e-03,-1.18844e-02,1,1.35200e+01,3.00000e+01,1.35200e+01,5.00000e+00
-7.21276e-03,-1.17350e-02,1,1.35600e+01,3.00000e+01,1.35600e+01,5.00000e+00
-6.90848e-03,-1.15856e-02,1,1.36000e+01,3.00000e+01,1.36000e+01,5.00000e+00
-6.60115e-03,-1.14359e-02,1,1.36400e+01,3.00000e+01,1.36400e+01,5.00000e+00
-6.29383e-03,-1.12863e-02,1,1.36800e+01,3.00000e+01,1.36800e+01,5.00000e+00
-5.98815e-03,-1.11380e-02,1,1.37200e+01,3.00000e+01,1.37200e+01,5.00000e+00
-5.73605e-03,-1.10340e-02,1,1.37600e+01,3.00000e+01,1.37600e+01,5.00000e+00
-5.48396e-03,-1.09301e-02,1,1.38000e+01,3.00000e+01,1.38000e+01,5.00000e+00
-5.23186e-03,-1.08261e-02,1,1.38400e+01,3.00000e+01,1.38400e+01,5.00000e+00
-4.97441e-03,-1.07175e-02,1,1.38800e+01,3.00000e+01,1.38800e+01,5.00000e+00
-4.69638e-03,-1.05911e-02,1,1.39200e+01,3.00000e+01,1.39200e+01,5.00000e+00
-4.43890e-03,-1.04825e-02,1,1.39600e+01,3.00000e+01,1.39600e+01,5.00000e+00
-4.22021e-03,-1.04072e-02,1,1.40000e+01,3.00000e+01,1.40000e+01,5.00000e+00
-3.96263e-03,-1.02967e-02,1,1.40400e+01,3.00000e+01,1.40400e+01,5.00000e+00
-3.70505e-03,-1.01861e-02,1,1.40800e+01,3.00000e+01,1.40800e+01,5.00000e+00
-3.49929e-03,-1.01214e-02,1,1.41200e+01,3.00000e+01,1.41200e+01,5.00000e+00
-3.28173e-03,-1.00429e-02,1,1.41600e+01,3.00000e+01,1.41600e+01,5.00000e+00
-3.05948e-03,-9.95935e-03,1,1.42000e+01,3.00000e+01,1.42000e+01,5.00000e+00
-2.83723e-03,-9.87583e-03,1,1.42400e+01,3.00000e+01,1.42400e+01,5.00000e+00
-2.61499e-03,-9.79232e-03,1,1.42800e+01,3.00000e+01,1.42800e+01,5.00000e+00
-2.39274e-03,-9.70880e-03,1,1.43200e+01,3.00000e+01,1.43200e+01,5.00000e+00
-2.17695e-03,-9.63123e-03,1,1.43600e+01,3.00000e+01,1.43600e+01,5.00000e+00
-2.00502e-03,-9.59408e-03,1,1.44000e+01,3.00000e+01,1.44000e+01,5.00000e+00
-1.83596e-03,-9.55132e-03,1,1.44400e+01,3.00000e+01,1.44400e+01,5.00000e+00
-1.66764e-03,-9.50708e-03,1,1.44800e+01,3.00000e+01,1.44800e+01,5.00000e+00
-1.49931e-03,-9.46284e-03,1,1.45200e+01,3.00000e+01,1.45200e+01,5.00000e+00
-1.33100e-03,-9.41860e-03,1,1.45600e+01,3.00000e+01,1.45600e+01,5.00000e+00
-1.16268e-03,-9.37437e-03,1,1.46000e+01,3.00000e+01,1.46000e+01,5.00000e+00
-9.94357e-04,-9.33013e-03,1,1.46400e+01,3.00000e+01,1.46400e+01,5.00000e+00
-8.26038e-04,-9.28589e-03,1,1.46800e+01,3.00000e+01,1.46800e+01,5.00000e+00
-6.59392e-04,-9.23947e-03,1,1.47200e+01,3.00000e+01,1.47200e+01,5.00000e+00
-4.93629e-04,-9.19189e-03,1,1.47600e+01,3.00000e+01,1.47600e+01,5.00000e+00
-3.32623e-04,-9.14217e-03,1,1.48000e+01,3.00000e+01,1.48000e+01,5.00000e+00
-2.10033e-04,-9.11232e-03,1,1.48400e+01,3.00000e+01,1.48400e+01,5.00000e+00
-1.05339e-04,-9.10374e-03,1,1.48800e+01,3.00000e+01,1.48800e+01,5.00000e+00
-6.44380e-07,-9.09515e-03,1,1.49200e+01,3.00000e+01,1.49200e+01,5.00000e+00
1.04050e-04,-9.08656e-03,1,1.49600e+01,3.00000e+01,1.49600e+01,5.00000e+00
2.08744e-04,-9.07798e-03,1,1.50000e+01,3.00000e+01,1.50000e+01,5.00000e+00
3.13439e-04,-9.06939e-03,1,1.50400e+01,3.00000e+01,1.50400e+01,5.00000e+00
4.18133e-04,-9.06080e-03,1,1.50800e+01,3.00000e+01,1.50800e+01,5.00000e+00
5.22827e-04,-9.05221e-03,1,1.51200e+01,3.00000e+01,1.51200e+01,5.00000e+00
6.27522e-04,-9.04363e-03,1,1.51600e+01,3.00000e+01,1.51600e+01,5.00000e+00
7.32216e-04,-9.03504e-03,1,1.52000e+01,3.00000e+01,1.52000e+01,5.00000e+00
8.19394e-04,-9.01714e-03,1,1.52400e+01,3.00000e+01,1.52400e+01,5.00000e+00
9.01267e-04,-8.99643e-03,1,1.52800e+01,3.00000e+01,1.52800e+01,5.00000e+00
9.83140e-04,-8.97571e-03,1,1.53200e+01,3.00000e+01,1.53200e+01,5.00000e+00
1.04612e-03,-8.98016e-03,1,1.53600e+01,3.00000e+01,1.53600e+01,5.00000e+00
1.09412e-03,-9.00457e-03,1,1.54000e+01,3.00000e+01,1.54000e+01,5.00000e+00
1.14211e-03,-9.02898e-03,1,1.54400e+01,3.00000e+01,1.54400e+01,5.00000e+00
1.19010e-03,-9.05339e-03,1,1.54800e+01,3.00000e+01,1.54800e+01,5.00000e+00
1.23810e-03,-9.07780e-03,1,1.55200e+01,3.00000e+01,1.55200e+01,5.00000e+00
1.28609e-03,-9.10221e-03,1,1.55600e+01,3.00000e+01,1.55600e+01,5.00000e+00
1.33133e-03,-9.12229e-03,1,1.56000e+01,3.00000e+01,1.56000e+01,5.00000e+00
1.36603e-03,-9.12582e-03,1,1.56400e+01,3.00000e+01,1.56400e+01,5.00000e+00
1.40073e-03,-9.12935e-03,1,1.56800e+01,3.00000e+01,1.56800e+01,5.00000e+00
1.43544e-03,-9.13288e-03,1,1.57200e+01,3.00000e+01,1.57200e+01,5.00000e+00
1.45995e-03,-9.15170e-03,1,1.57600e+01,3.00000e+01,1.57600e+01,5.00000e+00
1.46612e-03,-9.19805e-03,1,1.58000e+01,3.00000e+01,1.58000e+01,5.00000e+00
1.47228e-03,-9.24440e-03,1,1.58400e+01,3.00000e+01,1.58400e+01,5.00000e+00
1.47901e-03,-9.28432e-03,1,1.58800e+01,3.00000e+01,1.58800e+01,5.00000e+00
1.48790e-03,-9.29950e-03,1,1.59200e+01,3.00000e+01,1.59200e+01,5.00000e+00
1.49455e-03,-9.31838e-03,1,1.59600e+01,3.00000e+01,1.59600e+01,5.00000e+00
1.47756e-03,-9.37615e-03,1,1.60000e+01,3.00000e+01,1.60000e+01,5.00000e+00
1.47063e-03,-9.39892e-03,1,1.60400e+01,3.00000e+01,1.60400e+01,5.00000e+00
1.46370e-03,-9.42169e-03,1,1.60800e+01,3.00000e+01,1.60800e+01,5.00000e+00
1.44220e-03,-9.47011e-03,1,1.61200e+01,3.00000e+01,1.61200e+01,5.00000e+00
1.41190e-03,-9.51055e-03,1,1.61600e+01,3.00000e+01,1.61600e+01,5.00000e+00
1.38137e-03,-9.54527e-03,1,1.62000e+01,3.00000e+01,1.62000e+01,5.00000e+00
1.35085e-03,-9.57999e-03,1,1.62400e+01,3.00000e+01,1.62400e+01,5.00000e+00
1.32032e-03,-9.61471e-03,1,1.62800e+01,3.00000e+01,1.62800e+01,5.00000e+00
1.28980e-03,-9.64942e-03,1,1.63200e+01,3.00000e+01,1.63200e+01,5.00000e+00
1.25927e-03,-9.68414e-03,1,1.63600e+01,3.00000e+01,1.63600e+01,5.00000e+00
1.21926e-03,-9.73803e-03,1,1.64000e+01,3.00000e+01,1.64000e+01,5.00000e+00
1.16107e-03,-9.78979e-03,1,1.64400e+01,3.00000e+01,1.64400e+01,5.00000e+00
1.09976e-03,-9.83771e-03,1,1.64800e+01,3.00000e+01,1.64800e+01,5.00000e+00
1.03844e-03,-9.88562e-03,1,1.65200e+01,3.00000e+01,1.65200e+01,5.00000e+00
9.77125e-04,-9.93353e-03,1,1.65600e+01,3.00000e+01,1.65600e+01,5.00000e+00
9.14983e-04,-9.98071e-03,1,1.66000e+01,3.00000e+01,1.66000e+01,5.00000e+00
8.48900e-04,-1.00243e-02,1,1.66400e+01,3.00000e+01,1.66400e+01,5.00000e+00
7.82813e-04,-1.00679e-02,1,1.66800e+01,3.00000e+01,1.66800e+01,5.00000e+00
7.16729e-04,-1.01116e-02,1,1.67200e+01,3.00000e+01,1.67200e+01,5.00000e+00
6.50643e-04,-1.01552e-02,1,1.67600e+01,3.00000e+01,1.67600e+01,5.00000e+00
5.80857e-04,-1.01972e-02,1,1.68000e+01,3.00000e+01,1.68000e+01,5.00000e+00
4.98842e-04,-1.02341e-02,1,1.68400e+01,3.00000e+01,1.68400e+01,5.00000e+00
4.11341e-04,-1.02805e-02,1,1.68800e+01,3.00000e+01,1.68800e+01,5.00000e+00
3.20332e-04,-1.03329e-02,1,1.69200e+01,3.00000e+01,1.69200e+01,5.00000e+00
2.29328e-04,-1.03853e-02,1,1.69600e+01,3.00000e+01,1.69600e+01,5.00000e+00
1.38320e-04,-1.04377e-02,1,1.70000e+01,3.00000e+01,1.70000e+01,5.00000e+00
4.73112e-05,-1.04901e-02,1,1.70400e+01,3.00000e+01,1.70400e+01,5.00000e+00
-4.36930e-05,-1.05425e-02,1,1.70800e+01,3.00000e+01,1.70800e+01,5.00000e+00
-1.34701e-04,-1.05949e-02,1,1.71200e+01,3.00000e+01,1.71200e+01,5.00000e+00
-2.25706e-04,-1.06473e-02,1,1.71600e+01,3.00000e+01,1.71600e+01,5.00000e+00
-3.16714e-04,-1.06997e-02,1,1.72000e+01,3.00000e+01,1.72000e+01,5.00000e+00
-4.15924e-04,-1.07480e-02,1,1.72400e+01,3.00000e+01,1.72400e+01,5.00000e+00
-5.17623e-04,-1.07951e-02,1,1.72800e+01,3.00000e+01,1.72800e+01,5.00000e+00
-6.19318e-04,-1.08422e-02,1,1.73200e+01,3.00000e+01,1.73200e+01,5.00000e+00
-7.21018e-04,-1.08892e-02,1,1.73600e+01,3.00000e+01,1.73600e+01,5.00000e+00
-8.23376e-04,-1.09383e-02,1,1.74000e+01,3.00000e+01,1.74000e+01,5.00000e+00
-9.27697e-04,-1.09930e-02,1,1.74400e+01,3.00000e+01,1.74400e+01,5.00000e+00
-1.03201e-03,-1.10477e-02,1,1.74800e+01,3.00000e+01,1.74800e+01,5.00000e+00
-1.13633e-03,-1.11024e-02,1,1.75200e+01,3.00000e+01,1.75200e+01,5.00000e+00
-1.24065e-03,-1.11571e-02,1,1.75600e+01,3.00000e+01,1.75600e+01,5.00000e+00
-1.34605e-03,-1.12109e-02,1,1.76000e+01,3.00000e+01,1.76000e+01,5.00000e+00
-1.45555e-03,-1.12611e-02,1,1.76400e+01,3.00000e+01,1.76400e+01,5.00000e+00
-1.56506e-03,-1.13112e-02,1,1.76800e+01,3.00000e+01,1.76800e+01,5.00000e+00
-1.67456e-03,-1.13614e-02,1,1.77200e+01,3.00000e+01,1.77200e+01,5.00000e+00
-1.78406e-03,-1.14116e-02,1,1.77600e+01,3.00000e+01,1.77600e+01,5.00000e+00
-1.89294e-03,-1.14621e-02,1,1.78000e+01,3.00000e+01,1.78000e+01,5.00000e+00
-1.99965e-03,-1.15138e-02,1,1.78400e+01,3.00000e+01,1.78400e+01,5.00000e+00
-2.10727e-03,-1.15651e-02,1,1.78800e+01,3.00000e+01,1.78800e+01,5.00000e+00
-2.21840e-03,-1.16150e-02,1,1.79200e+01,3.00000e+01,1.79200e+01,5.00000e+00
-2.32953e-03,-1.16650e-02,1,1.79600e+01,3.00000e+01,1.79600e+01,5.00000e+00
-2.43686e-03,-1.17136e-02,1,1.80000e+01,3.00000e+01,1.80000e+01,5.00000e+00
-2.54768e-03,-1.17625e-02,1,1.80400e+01,3.00000e+01,1.80400e+01,5.00000e+00
-2.65849e-03,-1.18114e-02,1,1.80800e+01,3.00000e+01,1.80800e+01,5.00000e+00
-2.76851e-03,-1.18599e-02,1,1.81200e+01,3.00000e+01,1.81200e+01,5.00000e+00
-2.87506e-03,-1.19050e-02,1,1.81600e+01,3.00000e+01,1.81600e+01,5.00000e+00
-2.98283e-03,-1.19503e-02,1,1.82000e+01,3.00000e+01,1.82000e+01,5.00000e+00
-3.09060e-03,-1.19956e-02,1,1.82400e+01,3.00000e+01,1.82400e+01,5.00000e+00
-3.19851e-03,-1.20408e-02,1,1.82800e+01,3.00000e+01,1.82800e+01,5.00000e+00
-3.30679e-03,-1.20857e-02,1,1.83200e+01,3.00000e+01,1.83200e+01,5.00000e+00
-3.41508e-03,-1.21306e-02,1,1.83600e+01,3.00000e+01,1.83600e+01,5.00000e+00
-3.52336e-03,-1.21755e-02,1,1.84000e+01,3.00000e+01,1.84000e+01,5.00000e+00
-3.63167e-03,-1.22170e-02,1,1.84400e+01,3.00000e+01,1.84400e+01,5.00000e+00
-3.73876e-03,-1.22568e-02,1,1.84800e+01,3.00000e+01,1.84800e+01,5.00000e+00
-3.83977e-03,-1.22929e-02,1,1.85200e+01,3.00000e+01,1.85200e+01,5.00000e+00
-3.94078e-03,-1.23290e-02,1,1.85600e+01,3.00000e+01,1.85600e+01,5.00000e+00
-4.04180e-03,-1.23651e-02,1,1.86000e+01,3.00000e+01,1.86000e+01,5.00000e+00
-4.14281e-03,-1.24012e-02,1,1.86400e+01,3.00000e+01,1.86400e+01,5.00000e+00
-4.24382e-03,-1.24373e-02,1,1.86800e+01,3.00000e+01,1.86800e+01,5.00000e+00
-4.34483e-03,-1.24734e-02,1,1.87200e+01,3.00000e+01,1.87200e+01,5.00000e+00
-4.44584e-03,-1.25095e-02,1,1.87600e+01,3.00000e+01,1.87600e+01,5.00000e+00
-4.54631e-03,-1.25433e-02,1,1.88000e+01,3.00000e+01,1.88000e+01,5.00000e+00
-4.64497e-03,-1.25696e-02,1,1.88400e+01,3.00000e+01,1.88400e+01,5.00000e+00
-4.74363e-03,-1.25958e-02,1,1.88800e+01,3.00000e+01,1.88800e+01,5.00000e+00
-4.84229e-03,-1.26220e-02,1,1.89200e+01,3.00000e+01,1.89200e+01,5.00000e+00
-4.94095e-03,-1.26482e-02,1,1.89600e+01,3.00000e+01,1.89600e+01,5.00000e+00
-5.03961e-03,-1.26744e-02,1,1.90000e+01,3.00000e+01,1.90000e+01,5.00000e+00
-5.13828e-03,-1.27007e-02,1,1.90400e+01,3.00000e+01,1.90400e+01,5.00000e+00
-5.23470e-03,-1.27256e-02,1,1.90800e+01,3.00000e+01,1.90800e+01,5.00000e+00
-5.32306e-03,-1.27456e-02,1,1.91200e+01,3.00000e+01,1.91200e+01,5.00000e+00
-5.41140e-03,-1.27656e-02,1,1.91600e+01,3.00000e+01,1.91600e+01,5.00000e+00
-5.49975e-03,-1.27856e-02,1,1.92000e+01,3.00000e+01,1.92000e+01,5.00000e+00
-5.58681e-03,-1.27954e-02,1,1.92400e+01,3.00000e+01,1.92400e+01,5.00000e+00
-5.67348e-03,-1.28021e-02,1,1.92800e+01,3.00000e+01,1.92800e+01,5.00000e+00
-5.76015e-03,-1.28089e-02,1,1.93200e+01,3.00000e+01,1.93200e+01,5.00000e+00
-5.84683e-03,-1.28156e-02,1,1.93600e+01,3.00000e+01,1.93600e+01,5.00000e+00
-5.93350e-03,-1.28223e-02,1,1.94000e+01,3.00000e+01,1.94000e+01,5.00000e+00
-6.02017e-03,-1.28290e-02,1,1.94400e+01,3.00000e+01,1.94400e+01,5.00000e+00
-6.10890e-03,-1.28361e-02,1,1.94800e+01,3.00000e+01,1.94800e+01,5.00000e+00
-6.20032e-03,-1.28436e-02,1,1.95200e+01,3.00000e+01,1.95200e+01,5.00000e+00
-6.29173e-03,-1.28511e-02,1,1.95600e+01,3.00000e+01,1.95600e+01,5.00000e+00
-6.38178e-03,-1.28551e-02,1,1.96000e+01,3.00000e+01,1.96000e+01,5.00000e+00
-6.46662e-03,-1.28454e-02,1,1.96400e+01,3.00000e+01,1.96400e+01,5.00000e+00
-6.55145e-03,-1.28358e-02,1,1.96800e+01,3.00000e+01,1.96800e+01,5.00000e+00
-6.63629e-03,-1.28262e-02,1,1.97200e+01,3.00000e+01,1.97200e+01,5.00000e+00
-6.71790e-03,-1.28150e-02,1,1.97600e+01,3.00000e+01,1.97600e+01,5.00000e+00
-6.79815e-03,-1.28030e-02,1,1.98000e+01,3.00000e+01,1.98000e+01,5.00000e+00
-6.87841e-03,-1.27911e-02,1,1.98400e+01,3.00000e+01,1.98400e+01,5.00000e+00
-6.95860e-03,-1.27772e-02,1,1.98800e+01,3.00000e+01,1.98800e+01,5.00000e+00
-7.03856e-03,-1.27561e-02,1,1.99200e+01,3.00000e+01,1.99200e+01,5.00000e+00
-7.11851e-03,-1.27349e-02,1,1.99600e+01,3.00000e+01,1.99600e+01,5.00000e+00
-7.19848e-03,-1.27138e-02,1,2.00000e+01,3.00000e+01,2.00000e+01,5.00000e+00
-7.27577e-03,-1.26843e-02,1,2.00400e+01,3.00000e+01,2.00400e+01,5.00000e+00
-7.35306e-03,-1.26548e-02,1,2.00800e+01,3.00000e+01,2.00800e+01,5.00000e+00
-7.43034e-03,-1.26252e-02,1,2.01200e+01,3.00000e+01,2.01200e+01,5.00000e+00
-7.50703e-03,-1.25887e-02,1,2.01600e+01,3.00000e+01,2.01600e+01,5.00000e+00
-7.58356e-03,-1.25503e-02,1,2.02000e+01,3.00000e+01,2.02000e+01,5.00000e+00
-7.66009e-03,-1.25119e-02,1,2.02400e+01,3.00000e+01,2.02400e+01,5.00000e+00
-7.73561e-03,-1.24729e-02,1,2.02800e+01,3.00000e+01,2.02800e+01,5.00000e+00
-7.80777e-03,-1.24321e-02,1,2.03200e+01,3.00000e+01,2.03200e+01,5.00000e+00
-7.87994e-03,-1.23913e-02,1,2.03600e+01,3.00000e+01,2.03600e+01,5.00000e+00
-7.95210e-03,-1.23504e-02,1,2.04000e+01,3.00000e+01,2.04000e+01,5.00000e+00
-8.01829e-03,-1.22968e-02,1,2.04400e+01,3.00000e+01,2.04400e+01,5.00000e+00
-8.08292e-03,-1.22398e-02,1,2.04800e+01,3.00000e+01,2.04800e+01,5.00000e+00
-8.14755e-03,-1.21828e-02,1,2.05200e+01,3.00000e+01,2.05200e+01,5.00000e+00
-8.21513e-03,-1.21266e-02,1,2.05600e+01,3.00000e+01,2.05600e+01,5.00000e+00
-8.28392e-03,-1.20706e-02,1,2.06000e+01,3.00000e+01,2.06000e+01,5.00000e+00
-8.35270e-03,-1.20146e-02,1,2.06400e+01,3.00000e+01,2.06400e+01,5.00000e+00
-8.42148e-03,-1.19587e-02,1,2.06800e+01,3.00000e+01,2.06800e+01,5.00000e+00
-8.49026e-03,-1.19027e-02,1,2.07200e+01,3.00000e+01,2.07200e+01,5.00000e+00
-8.55904e-03,-1.18467e-02,1,2.07600e+01,3.00000e+01,2.07600e+01,5.00000e+00
-8.62633e-03,-1.17884e-02,1,2.08000e+01,3.00000e+01,2.08000e+01,5.00000e+00
-8.68869e-03,-1.17224e-02,1,2.08400e+01,3.00000e+01,2.08400e+01,5.00000e+00
-8.75105e-03,-1.16563e-02,1,2.08800e+01,3.00000e+01,2.08800e+01,5.00000e+00
-8.81341e-03,-1.15903e-02,1,2.09200e+01,3.00000e+01,2.09200e+01,5.00000e+00
-8.87141e-03,-1.15203e-02,1,2.09600e+01,3.00000e+01,2.09600e+01,5.00000e+00
-8.92517e-03,-1.14465e-02,1,2.10000e+01,3.00000e+01,2.10000e+01,5.00000e+00
-8.97892e-03,-1.13726e-02,1,2.10400e+01,3.00000e+01,2.10400e+01,5.00000e+00
-9.03267e-03,-1.12988e-02,1,2.10800e+01,3.00000e+01,2.10800e+01,5.00000e+00
-9.08643e-03,-1.12250e-02,1,2.11200e+01,3.00000e+01,2.11200e+01,5.00000e+00
-9.14018e-03,-1.11512e-02,1,2.11600e+01,3.00000e+01,2.11600e+01,5.00000e+00
-9.19393e-03,-1.10774e-02,1,2.12000e+01,3.00000e+01,2.12000e+01,5.00000e+00
-9.23972e-03,-1.09995e-02,1,2.12400e+01,3.00000e+01,2.12400e+01,5.00000e+00
-9.28310e-03,-1.09204e-02,1,2.12800e+01,3.00000e+01,2.12800e+01,5.00000e+00
-9.32647e-03,-1.08413e-02,1,2.13200e+01,3.00000e+01,2.13200e+01,5.00000e+00
-9.36985e-03,-1.07622e-02,1,2.13600e+01,3.00000e+01,2.13600e+01,5.00000e+00
-9.41322e-03,-1.06831e-02,1,2.14000e+01,3.00000e+01,2.14000e+01,5.00000e+00
-9.45659e-03,-1.06040e-02,1,2.14400e+01,3.00000e+01,2.14400e+01,5.00000e+00
-9.49997e-03,-1.05248e-02,1,2.14800e+01,3.00000e+01,2.14800e+01,5.00000e+00
-9.54334e-03,-1.04457e-02,1,2.15200e+01,3.00000e+01,2.15200e+01,5.00000e+00
-9.58525e-03,-1.03647e-02,1,2.15600e+01,3.00000e+01,2.15600e+01,5.00000e+00
-9.62034e-03,-1.02776e-02,1,2.16000e+01,3.00000e+01,2.16000e+01,5.00000e+00
-9.64734e-03,-1.01916e-02,1,2.16400e+01,3.00000e+01,2.16400e+01,5.00000e+00
-9.67393e-03,-1.01057e-02,1,2.16800e+01,3.00000e+01,2.16800e+01,5.00000e+00
-9.69873e-03,-1.00199e-02,1,2.17200e+01,3.00000e+01,2.17200e+01,5.00000e+00
-9.72352e-03,-9.93404e-03,1,2.17600e+01,3.00000e+01,2.17600e+01,5.00000e+00
-9.74831e-03,-9.84824e-03,1,2.18000e+01,3.00000e+01,2.18000e+01,5.00000e+00
-9.77311e-03,-9.76243e-03,1,2.18400e+01,3.00000e+01,2.18400e+01,5.00000e+00
-9.79677e-03,-9.67915e-03,1,2.18800e+01,3.00000e+01,2.18800e+01,5.00000e+00
-9.81171e-03,-9.59338e-03,1,2.19200e+01,3.00000e+01,2.19200e+01,5.00000e+00
-9.82520e-03,-9.50361e-03,1,2.19600e+01,3.00000e+01,2.19600e+01,5.00000e+00
-9.83868e-03,-9.41385e-03,1,2.20000e+01,3.00000e+01,2.20000e+01,5.00000e+00
-9.84886e-03,-9.33445e-03,1,2.20400e+01,3.00000e+01,2.20400e+01,5.00000e+00
-9.85539e-03,-9.24321e-03,1,2.20800e+01,3.00000e+01,2.20800e+01,5.00000e+00
-9.86192e-03,-9.15197e-03,1,2.21200e+01,3.00000e+01,2.21200e+01,5.00000e+00
-9.86248e-03,-9.07082e-03,1,2.21600e+01,3.00000e+01,2.21600e+01,5.00000e+00
-9.86149e-03,-8.99230e-03,1,2.22000e+01,3.00000e+01,2.22000e+01,5.00000e+00
-9.85970e-03,-8.91051e-03,1,2.22400e+01,3.00000e+01,2.22400e+01,5.00000e+00
-9.85538e-03,-8.81831e-03,1,2.22800e+01,3.00000e+01,2.22800e+01,5.00000e+00
-9.85106e-03,-8.72613e-03,1,2.23200e+01,3.00000e+01,2.23200e+01,5.00000e+00
-9.84674e-03,-8.63394e-03,1,2.23600e+01,3.00000e+01,2.23600e+01,5.00000e+00
-9.84241e-03,-8.54175e-03,1,2.24000e+01,3.00000e+01,2.24000e+01,5.00000e+00
-9.82563e-03,-8.45768e-03,1,2.24400e+01,3.00000e+01,2.24400e+01,5.00000e+00
-9.80559e-03,-8.37575e-03,1,2.24800e+01,3.00000e+01,2.24800e+01,5.00000e+00
-9.78554e-03,-8.29381e-03,1,2.25200e+01,3.00000e+01,2.25200e+01,5.00000e+00
-9.76550e-03,-8.21187e-03,1,2.25600e+01,3.00000e+01,2.25600e+01,5.00000e+00
-9.74546e-03,-8.12994e-03,1,2.26000e+01,3.00000e+01,2.26000e+01,5.00000e+00
-9.72541e-03,-8.04800e-03,1,2.26400e+01,3.00000e+01,2.26400e+01,5.00000e+00
-9.70406e-03,-7.95877e-03,1,2.26800e+01,3.00000e+01,2.26800e+01,5.00000e+00
-9.68192e-03,-7.86519e-03,1,2.27200e+01,3.00000e+01,2.27200e+01,5.00000e+00
-9.65979e-03,-7.77161e-03,1,2.27600e+01,3.00000e+01,2.27600e+01,5.00000e+00
-9.63315e-03,-7.68007e-03,1,2.28000e+01,3.00000e+01,2.28000e+01,5.00000e+00
-9.59162e-03,-7.59524e-03,1,2.28400e+01,3.00000e+01,2.28400e+01,5.00000e+00
-9.55009e-03,-7.51041e-03,1,2.28800e+01,3.00000e+01,2.28800e+01,5.00000e+00
-9.50856e-03,-7.42558e-03,1,2.29200e+01,3.00000e+01,2.29200e+01,5.00000e+00
-9.46703e-03,-7.34075e-03,1,2.29600e+01,3.00000e+01,2.29600e+01,5.00000e+00
-9.42550e-03,-7.25592e-03,1,2.30000e+01,3.00000e+01,2.30000e+01,5.00000e+00
-9.38397e-03,-7.17109e-03,1,2.30400e+01,3.00000e+01,2.30400e+01,5.00000e+00
-9.34245e-03,-7.08626e-03,1,2.30800e+01,3.00000e+01,2.30800e+01,5.00000e+00
-9.30092e-03,-7.00143e-03,1,2.31200e+01,3.00000e+01,2.31200e+01,5.00000e+00
-9.25939e-03,-6.91661e-03,1,2.31600e+01,3.00000e+01,2.31600e+01,5.00000e+00
-9.21718e-03,-6.83191e-03,1,2.32000e+01,3.00000e+01,2.32000e+01,5.00000e+00
-9.15913e-03,-6.74705e-03,1,2.32400e+01,3.00000e+01,2.32400e+01,5.00000e+00
-9.09623e-03,-6.66006e-03,1,2.32800e+01,3.00000e+01,2.32800e+01,5.00000e+00
-9.03334e-03,-6.57307e-03,1,2.33200e+01,3.00000e+01,2.33200e+01,5.00000e+00
-8.97044e-03,-6.48607e-03,1,2.33600e+01,3.00000e+01,2.33600e+01,5.00000e+00
-8.90755e-03,-6.39908e-03,1,2.34000e+01,3.00000e+01,2.34000e+01,5.00000e+00
-8.84465e-03,-6.31208e-03,1,2.34400e+01,3.00000e+01,2.34400e+01,5.00000e+00
-8.78176e-03,-6.22509e-03,1,2.34800e+01,3.00000e+01,2.34800e+01,5.00000e+00
-8.71886e-03,-6.13809e-03,1,2.35200e+01,3.00000e+01,2.35200e+01,5.00000e+00
-8.65597e-03,-6.05110e-03,1,2.35600e+01,3.00000e+01,2.35600e+01,5.00000e+00
-8.59085e-03,-5.96556e-03,1,2.36000e+01,3.00000e+01,2.36000e+01,5.00000e+00
-8.51726e-03,-5.88563e-03,1,2.36400e+01,3.00000e+01,2.36400e+01,5.00000e+00
-8.44339e-03,-5.80475e-03,1,2.36800e+01,3.00000e+01,2.36800e+01,5.00000e+00
-8.36736e-03,-5.71631e-03,1,2.37200e+01,3.00000e+01,2.37200e+01,5.00000e+00
-8.29133e-03,-5.62787e-03,1,2.37600e+01,3.00000e+01,2.37600e+01,5.00000e+00
-8.21530e-03,-5.53944e-03,1,2.38000e+01,3.00000e+01,2.38000e+01,5.00000e+00
-8.13927e-03,-5.45100e-03,1,2.38400e+01,3.00000e+01,2.38400e+01,5.00000e+00
-8.06221e-03,-5.36401e-03,1,2.38800e+01,3.00000e+01,2.38800e+01,5.00000e+00
-7.98122e-03,-5.28260e-03,1,2.39200e+01,3.00000e+01,2.39200e+01,5.00000e+00
-7.89902e-03,-5.19579e-03,1,2.39600e+01,3.00000e+01,2.39600e+01,5.00000e+00
-7.81639e-03,-5.10709e-03,1,2.40000e+01,3.00000e+01,2.40000e+01,5.00000e+00
-7.73138e-03,-5.02456e-03,1,2.40400e+01,3.00000e+01,2.40400e+01,5.00000e+00
-7.64617e-03,-4.94060e-03,1,2.40800e+01,3.00000e+01,2.40800e+01,5.00000e+00
-7.56033e-03,-4.85246e-03,1,2.41200e+01,3.00000e+01,2.41200e+01,5.00000e+00
-7.47101e-03,-4.76745e-03,1,2.41600e+01,3.00000e+01,2.41600e+01,5.00000e+00
-7.38079e-03,-4.68325e-03,1,2.42000e+01,3.00000e+01,2.42000e+01,5.00000e+00
-7.29058e-03,-4.59905e-03,1,2.42400e+01,3.00000e+01,2.42400e+01,5.00000e+00
-7.20036e-03,-4.51485e-03,1,2.42800e+01,3.00000e+01,2.42800e+01,5.00000e+00
-7.11014e-03,-4.43065e-03,1,2.43200e+01,3.00000e+01,2.43200e+01,5.00000e+00
-7.02049e-03,-4.34457e-03,1,2.43600e+01,3.00000e+01,2.43600e+01,5.00000e+00
-6.93092e-03,-4.25820e-03,1,2.44000e+01,3.00000e+01,2.44000e+01,5.00000e+00
-6.83747e-03,-4.17267e-03,1,2.44400e+01,3.00000e+01,2.44400e+01,5.00000e+00
-6.74301e-03,-4.08736e-03,1,2.44800e+01,3.00000e+01,2.44800e+01,5.00000e+00
-6.64854e-03,-4.00204e-03,1,2.45200e+01,3.00000e+01,2.45200e+01,5.00000e+00
-6.55408e-03,-3.91673e-03,1,2.45600e+01,3.00000e+01,2.45600e+01,5.00000e+00
-6.45961e-03,-3.83141e-03,1,2.46000e+01,3.00000e+01,2.46000e+01,5.00000e+00
-6.36514e-03,-3.74610e-03,1,2.46400e+01,3.00000e+01,2.46400e+01,5.00000e+00
-6.27067e-03,-3.66078e-03,1,2.46800e+01,3.00000e+01,2.46800e+01,5.00000e+00
-6.17621e-03,-3.57547e-03,1,2.47200e+01,3.00000e+01,2.47200e+01,5.00000e+00
-6.08174e-03,-3.49016e-03,1,2.47600e+01,3.00000e+01,2.47600e+01,5.00000e+00
-5.98839e-03,-3.40505e-03,1,2.48000e+01,3.00000e+01,2.48000e+01,5.00000e+00
-5.89977e-03,-3.31865e-03,1,2.48400e+01,3.00000e+01,2.48400e+01,5.00000e+00
-5.81115e-03,-3.23225e-03,1,2.48800e+01,3.00000e+01,2.48800e+01,5.00000e+00
-5.72253e-03,-3.14586e-03,1,2.49200e+01,3.00000e+01,2.49200e+01,5.00000e+00
-5.63392e-03,-3.05946e-03,1,2.49600e+01,3.00000e+01,2.49600e+01,5.00000e+00
-5.54530e-03,-2.97306e-03,1,2.50000e+01,3.00000e+01,2.50000e+01,5.00000e+00
-5.45668e-03,-2.88666e-03,1,2.50400e+01,3.00000e+01,2.50400e+01,5.00000e+00
-5.36806e-03,-2.80027e-03,1,2.50800e+01,3.00000e+01,2.50800e+01,5.00000e+00
-5.27945e-03,-2.71387e-03,1,2.51200e+01,3.00000e+01,2.51200e+01,5.00000e+00
-5.19083e-03,-2.62747e-03,1,2.51600e+01,3.00000e+01,2.51600e+01,5.00000e+00
-5.10221e-03,-2.54108e-03,1,2.52000e+01,3.00000e+01,2.52000e+01,5.00000e+00
-5.02872e-03,-2.44527e-03,1,2.52400e+01,3.00000e+01,2.52400e+01,5.00000e+00
-4.95981e-03,-2.34660e-03,1,2.52800e+01,3.00000e+01,2.52800e+01,5.00000e+00
-4.89091e-03,-2.24794e-03,1,2.53200e+01,3.00000e+01,2.53200e+01,5.00000e+00
-4.82196e-03,-2.14942e-03,1,2.53600e+01,3.00000e+01,2.53600e+01,5.00000e+00
-4.75018e-03,-2.06382e-03,1,2.54000e+01,3.00000e+01,2.54000e+01,5.00000e+00
-4.67839e-03,-1.97821e-03,1,2.54400e+01,3.00000e+01,2.54400e+01,5.00000e+00
-4.60660e-03,-1.89260e-03,1,2.54800e+01,3.00000e+01,2.54800e+01,5.00000e+00
-4.53481e-03,-1.80699e-03,1,2.55200e+01,3.00000e+01,2.55200e+01,5.00000e+00
-4.46303e-03,-1.72138e-03,1,2.55600e+01,3.00000e+01,2.55600e+01,5.00000e+00
-4.39705e-03,-1.63143e-03,1,2.56000e+01,3.00000e+01,2.56000e+01,5.00000e+00
-4.35329e-03,-1.52487e-03,1,2.56400e+01,3.00000e+01,2.56400e+01,5.00000e+00
-4.30952e-03,-1.41830e-03,1,2.56800e+01,3.00000e+01,2.56800e+01,5.00000e+00
-4.26576e-03,-1.31175e-03,1,2.57200e+01,3.00000e+01,2.57200e+01,5.00000e+00
-4.22199e-03,-1.20518e-03,1,2.57600e+01,3.00000e+01,2.57600e+01,5.00000e+00
-4.17651e-03,-1.10646e-03,1,2.58000e+01,3.00000e+01,2.58000e+01,5.00000e+00
-4.12799e-03,-1.02169e-03,1,2.58400e+01,3.00000e+01,2.58400e+01,5.00000e+00
-4.08478e-03,-9.30954e-04,1,2.58800e+01,3.00000e+01,2.58800e+01,5.00000e+00
-4.06197e-03,-8.17303e-04,1,2.59200e+01,3.00000e+01,2.59200e+01,5.00000e+00
-4.03916e-03,-7.03657e-04,1,2.59600e+01,3.00000e+01,2.59600e+01,5.00000e+00
-4.01225e-03,-6.06323e-04,1,2.60000e+01,3.00000e+01,2.60000e+01,5.00000e+00
-4.00450e-03,-4.88549e-04,1,2.60400e+01,3.00000e+01,2.60400e+01,5.00000e+00
-3.99676e-03,-3.70781e-04,1,2.60800e+01,3.00000e+01,2.60800e+01,5.00000e+00
-3.98880e-03,-2.53745e-04,1,2.61200e+01,3.00000e+01,2.61200e+01,5.00000e+00
-4.00022e-03,-1.38281e-04,1,2.61600e+01,3.00000e+01,2.61600e+01,5.00000e+00
-4.01899e-03,-1.49580e-05,1,2.62000e+01,3.00000e+01,2.62000e+01,5.00000e+00
-4.04573e-03,1.12992e-04,1,2.62400e+01,3.00000e+01,2.62400e+01,5.00000e+00
-4.08002e-03,2.45341e-04,1,2.62800e+01,3.00000e+01,2.62800e+01,5.00000e+00
-4.11431e-03,3.77683e-04,1,2.63200e+01,3.00000e+01,2.63200e+01,5.00000e+00
-4.14860e-03,5.10031e-04,1,2.63600e+01,3.00000e+01,2.63600e+01,5.00000e+00
-4.18289e-03,6.42373e-04,1,2.64000e+01,3.00000e+01,2.64000e+01,5.00000e+00
-4.27175e-03,8.08921e-04,1,2.64400e+01,3.00000e+01,2.64400e+01,5.00000e+00
-4.37489e-03,9.84416e-04,1,2.64800e+01,3.00000e+01,2.64800e+01,5.00000e+00
-4.47804e-03,1.15992e-03,1,2.65200e+01,3.00000e+01,2.65200e+01,5.00000e+00
-4.56818e-03,1.31296e-03,1,2.65600e+01,3.00000e+01,2.65600e+01,5.00000e+00
-4.65779e-03,1.46509e-03,1,2.66000e+01,3.00000e+01,2.66000e+01,5.00000e+00
-4.74740e-03,1.61721e-03,1,2.66400e+01,3.00000e+01,2.66400e+01,5.00000e+00
-4.83702e-03,1.76934e-03,1,2.66800e+01,3.00000e+01,2.66800e+01,5.00000e+00
-4.92663e-03,1.92146e-03,1,2.67200e+01,3.00000e+01,2.67200e+01,5.00000e+00
-5.01624e-03,2.07360e-03,1,2.67600e+01,3.00000e+01,2.67600e+01,5.00000e+00
-5.12703e-03,2.23833e-03,1,2.68000e+01,3.00000e+01,2.68000e+01,5.00000e+00
-5.30775e-03,2.44469e-03,1,2.68400e+01,3.00000e+01,2.68400e+01,5.00000e+00
-5.48847e-03,2.65104e-03,1,2.68800e+01,3.00000e+01,2.68800e+01,5.00000e+00
-5.66919e-03,2.85741e-03,1,2.69200e+01,3.00000e+01,2.69200e+01,5.00000e+00
-5.84991e-03,3.06376e-03,1,2.69600e+01,3.00000e+01,2.69600e+01,5.00000e+00
-6.03063e-03,3.27013e-03,1,2.70000e+01,3.00000e+01,2.70000e+01,5.00000e+00
-6.21136e-03,3.47649e-03,1,2.70400e+01,3.00000e+01,2.70400e+01,5.00000e+00
-6.39207e-03,3.68284e-03,1,2.70800e+01,3.00000e+01,2.70800e+01,5.00000e+00
-6.57280e-03,3.88921e-03,1,2.71200e+01,3.00000e+01,2.71200e+01,5.00000e+00
-6.75351e-03,4.09556e-03,1,2.71600e+01,3.00000e+01,2.71600e+01,5.00000e+00
-6.93076e-03,4.29662e-03,1,2.72000e+01,3.00000e+01,2.72000e+01,5.00000e+00
-7.17593e-03,4.52974e-03,1,2.72400e+01,3.00000e+01,2.72400e+01,5.00000e+00
-7.46579e-03,4.79573e-03,1,2.72800e+01,3.00000e+01,2.72800e+01,5.00000e+00
-7.75563e-03,5.06171e-03,1,2.73200e+01,3.00000e+01,2.73200e+01,5.00000e+00
-8.04549e-03,5.32770e-03,1,2.73600e+01,3.00000e+01,2.73600e+01,5.00000e+00
-8.33534e-03,5.59368e-03,1,2.74000e+01,3.00000e+01,2.74000e+01,5.00000e+00
-8.62520e-03,5.85967e-03,1,2.74400e+01,3.00000e+01,2.74400e+01,5.00000e+00
-8.91504e-03,6.12565e-03,1,2.74800e+01,3.00000e+01,2.74800e+01,5.00000e+00
-9.20490e-03,6.39164e-03,1,2.75200e+01,3.00000e+01,2.75200e+01,5.00000e+00
-9.49474e-03,6.65762e-03,1,2.75600e+01,3.00000e+01,2.75600e+01,5.00000e+00
-9.80051e-03,6.93233e-03,1,2.76000e+01,3.00000e+01,2.76000e+01,5.00000e+00
-1.01670e-02,7.24032e-03,1,2.76400e+01,3.00000e+01,2.76400e+01,5.00000e+00
-1.05336e-02,7.54832e-03,1,2.76800e+01,3.00000e+01,2.76800e+01,5.00000e+00
-1.09126e-02,7.86731e-03,1,2.77200e+01,3.00000e+01,2.77200e+01,5.00000e+00
-1.12971e-02,8.19114e-03,1,2.77600e+01,3.00000e+01,2.77600e+01,5.00000e+00
-1.16816e-02,8.51496e-03,1,2.78000e+01,3.00000e+01,2.78000e+01,5.00000e+00
-1.20661e-02,8.83878e-03,1,2.78400e+01,3.00000e+01,2.78400e+01,5.00000e+00
-1.24614e-02,9.16967e-03,1,2.78800e+01,3.00000e+01,2.78800e+01,5.00000e+00
-1.28983e-02,9.52773e-03,1,2.79200e+01,3.00000e+01,2.79200e+01,5.00000e+00
-1.33300e-02,9.87938e-03,1,2.79600e+01,3.00000e+01,2.79600e+01,5.00000e+00
-1.37550e-02,1.02228e-02,1,2.80000e+01,3.00000e+01,2.80000e+01,5.00000e+00
-1.42179e-02,1.05950e-02,1,2.80400e+01,3.00000e+01,2.80400e+01,5.00000e+00
-1.46807e-02,1.09670e-02,1,2.80800e+01,3.00000e+01,2.80800e+01,5.00000e+00
-1.51436e-02,1.13392e-02,1,2.81200e+01,3.00000e+01,2.81200e+01,5.00000e+00
-1.56404e-02,1.17296e-02,1,2.81600e+01,3.00000e+01,2.81600e+01,5.00000e+00
-1.61596e-02,1.21364e-02,1,2.82000e+01,3.00000e+01,2.82000e+01,5.00000e+00
-1.66786e-02,1.25432e-02,1,2.82400e+01,3.00000e+01,2.82400e+01,5.00000e+00
-1.71978e-02,1.29500e-02,1,2.82800e+01,3.00000e+01,2.82800e+01,5.00000e+00
-1.77169e-02,1.33568e-02,1,2.83200e+01,3.00000e+01,2.83200e+01,5.00000e+00
-1.82360e-02,1.37636e-02,1,2.83600e+01,3.00000e+01,2.83600e+01,5.00000e+00
-1.87551e-02,1.41704e-02,1,2.84000e+01,3.00000e+01,2.84000e+01,5.00000e+00
-1.93287e-02,1.46185e-02,1,2.84400e+01,3.00000e+01,2.84400e+01,5.00000e+00
-1.99166e-02,1.50773e-02,1,2.84800e+01,3.00000e+01,2.84800e+01,5.00000e+00
-2.05045e-02,1.55362e-02,1,2.85200e+01,3.00000e+01,2.85200e+01,5.00000e+00
-2.10924e-02,1.59950e-02,1,2.85600e+01,3.00000e+01,2.85600e+01,5.00000e+00
-2.16717e-02,1.64429e-02,1,2.86000e+01,3.00000e+01,2.86000e+01,5.00000e+00
-2.22445e-02,1.68824e-02,1,2.86400e+01,3.00000e+01,2.86400e+01,5.00000e+00
-2.28173e-02,1.73218e-02,1,2.86800e+01,3.00000e+01,2.86800e+01,5.00000e+00
-2.33901e-02,1.77613e-02,1,2.87200e+01,3.00000e+01,2.87200e+01,5.00000e+00
-2.39628e-02,1.82008e-02,1,2.87600e+01,3.00000e+01,2.87600e+01,5.00000e+00
-2.45484e-02,1.86498e-02,1,2.88000e+01,3.00000e+01,2.88000e+01,5.00000e+00
-2.51760e-02,1.91301e-02,1,2.88400e+01,3.00000e+01,2.88400e+01,5.00000e+00
-2.58036e-02,1.96104e-02,1,2.88800e+01,3.00000e+01,2.88800e+01,5.00000e+00
-2.64312e-02,2.00907e-02,1,2.89200e+01,3.00000e+01,2.89200e+01,5.00000e+00
-2.70588e-02,2.05710e-02,1,2.89600e+01,3.00000e+01,2.89600e+01,5.00000e+00
-2.76864e-02,2.10513e-02,1,2.90000e+01,3.00000e+01,2.90000e+01,5.00000e+00
-2.83140e-02,2.15316e-02,1,2.90400e+01,3.00000e+01,2.90400e+01,5.00000e+00
-2.89416e-02,2.20119e-02,1,2.90800e+01,3.00000e+01,2.90800e+01,5.00000e+00
-2.95694e-02,2.24923e-02,1,2.91200e+01,3.00000e+01,2.91200e+01,5.00000e+00
-3.02081e-02,2.29827e-02,1,2.91600e+01,3.00000e+01,2.91600e+01,5.00000e+00
-3.08469e-02,2.34730e-02,1,2.92000e+01,3.00000e+01,2.92000e+01,5.00000e+00
-3.14783e-02,2.39624e-02,1,2.92400e+01,3.00000e+01,2.92400e+01,5.00000e+00
-3.21183e-02,2.44521e-02,1,2.92800e+01,3.00000e+01,2.92800e+01,5.00000e+00
-3.27604e-02,2.49419e-02,1,2.93200e+01,3.00000e+01,2.93200e+01,5.00000e+00
-3.34026e-02,2.54318e-02,1,2.93600e+01,3.00000e+01,2.93600e+01,5.00000e+00
-3.40447e-02,2.59216e-02,1,2.94000e+01,3.00000e+01,2.94000e+01,5.00000e+00
-3.46868e-02,2.64115e-02,1,2.94400e+01,3.00000e+01,2.94400e+01,5.00000e+00
-3.53289e-02,2.69013e-02,1,2.94800e+01,3.00000e+01,2.94800e+01,5.00000e+00
-3.59710e-02,2.73911e-02,1,2.95200e+01,3.00000e+01,2.95200e+01,5.00000e+00
-3.66131e-02,2.78810e-02,1,2.95600e+01,3.00000e+01,2.95600e+01,5.00000e+00
-3.72455e-02,2.83648e-02,1,2.96000e+01,3.00000e+01,2.96000e+01,5.00000e+00
-3.78407e-02,2.88258e-02,1,2.96400e+01,3.00000e+01,2.96400e+01,5.00000e+00
-3.84360e-02,2.92868e-02,1,2.96800e+01,3.00000e+01,2.96800e+01,5.00000e+00
-3.90312e-02,2.97478e-02,1,2.97200e+01,3.00000e+01,2.97200e+01,5.00000e+00
-3.96538e-02,3.02252e-02,1,2.97600e+01,3.00000e+01,2.97600e+01,5.00000e+00
-4.02769e-02,3.07029e-02,1,2.98000e+01,3.00000e+01,2.98000e+01,5.00000e+00
-4.09000e-02,3.11806e-02,1,2.98400e+01,3.00000e+01,2.98400e+01,5.00000e+00
-4.15102e-02,3.16494e-02,1,2.98800e+01,3.00000e+01,2.98800e+01,5.00000e+00
-4.20708e-02,3.20842e-02,1,2.99200e+01,3.00000e+01,2.99200e+01,5.00000e+00
-4.26377e-02,3.25238e-02,1,2.99600e+01,3.00000e+01,2.99600e+01,5.00000e+00
-4.32397e-02,3.29901e-02,1,3.00000e+01,3.00000e+01,3.00000e+01,5.00000e+00
-4.37748e-02,3.34062e-02,1,3.00400e+01,3.00000e+01,3.00400e+01,5.00000e+00
-4.43099e-02,3.38223e-02,1,3.00800e+01,3.00000e+01,3.00800e+01,5.00000e+00
-4.48727e-02,3.42620e-02,1,3.01200e+01,3.00000e+01,3.01200e+01,5.00000e+00
-4.53812e-02,3.46617e-02,1,3.01600e+01,3.00000e+01,3.01600e+01,5.00000e+00
-4.58707e-02,3.50468e-02,1,3.02000e+01,3.00000e+01,3.02000e+01,5.00000e+00
-4.63602e-02,3.54318e-02,1,3.02400e+01,3.00000e+01,3.02400e+01,5.00000e+00
-4.68497e-02,3.58169e-02,1,3.02800e+01,3.00000e+01,3.02800e+01,5.00000e+00
-4.73392e-02,3.62020e-02,1,3.03200e+01,3.00000e+01,3.03200e+01,5.00000e+00
-4.78287e-02,3.65871e-02,1,3.03600e+01,3.00000e+01,3.03600e+01,5.00000e+00
-4.83182e-02,3.69722e-02,1,3.04000e+01,3.00000e+01,3.04000e+01,5.00000e+00
-4.86933e-02,3.72830e-02,1,3.04400e+01,3.00000e+01,3.04400e+01,5.00000e+00
-4.90171e-02,3.75578e-02,1,3.04800e+01,3.00000e+01,3.04800e+01,5.00000e+00
-4.93410e-02,3.78327e-02,1,3.05200e+01,3.00000e+01,3.05200e+01,5.00000e+00
-4.96649e-02,3.81075e-02,1,3.05600e+01,3.00000e+01,3.05600e+01,5.00000e+00
-4.99888e-02,3.83824e-02,1,3.06000e+01,3.00000e+01,3.06000e+01,5.00000e+00
-5.03126e-02,3.86572e-02,1,3.06400e+01,3.00000e+01,3.06400e+01,5.00000e+00
-5.06365e-02,3.89321e-02,1,3.06800e+01,3.00000e+01,3.06800e+01,5.00000e+00
-5.09604e-02,3.92070e-02,1,3.07200e+01,3.00000e+01,3.07200e+01,5.00000e+00
-5.12842e-02,3.94818e-02,1,3.07600e+01,3.00000e+01,3.07600e+01,5.00000e+00
-5.15452e-02,3.97096e-02,1,3.08000e+01,3.00000e+01,3.08000e+01,5.00000e+00
-5.15983e-02,3.97819e-02,1,3.08400e+01,3.00000e+01,3.08400e+01,5.00000e+00
-5.16515e-02,3.98542e-02,1,3.08800e+01,3.00000e+01,3.08800e+01,5.00000e+00
-5.17047e-02,3.99265e-02,1,3.09200e+01,3.00000e+01,3.09200e+01,5.00000e+00
-5.17759e-02,4.00180e-02,1,3.09600e+01,3.00000e+01,3.09600e+01,5.00000e+00
-5.19242e-02,4.01913e-02,1,3.10000e+01,3.00000e+01,3.10000e+01,5.00000e+00
-5.20725e-02,4.03647e-02,1,3.10400e+01,3.00000e+01,3.10400e+01,5.00000e+00
-5.22208e-02,4.05380e-02,1,3.10800e+01,3.00000e+01,3.10800e+01,5.00000e+00
-5.23691e-02,4.07114e-02,1,3.11200e+01,3.00000e+01,3.11200e+01,5.00000e+00
-5.25174e-02,4.08847e-02,1,3.11600e+01,3.00000e+01,3.11600e+01,5.00000e+00
-5.26656e-02,4.10581e-02,1,3.12000e+01,3.00000e+01,3.12000e+01,5.00000e+00
-5.25743e-02,4.10507e-02,1,3.12400e+01,3.00000e+01,3.12400e+01,5.00000e+00
-5.24104e-02,4.09885e-02,1,3.12800e+01,3.00000e+01,3.12800e+01,5.00000e+00
-5.22465e-02,4.09264e-02,1,3.13200e+01,3.00000e+01,3.13200e+01,5.00000e+00
-5.20825e-02,4.08643e-02,1,3.13600e+01,3.00000e+01,3.13600e+01,5.00000e+00
-5.19186e-02,4.08021e-02,1,3.14000e+01,3.00000e+01,3.14000e+01,5.00000e+00
-5.17547e-02,4.07400e-02,1,3.14400e+01,3.00000e+01,3.14400e+01,5.00000e+00
-5.15908e-02,4.06779e-02,1,3.14800e+01,3.00000e+01,3.14800e+01,5.00000e+00
-5.14453e-02,4.06393e-02,1,3.15200e+01,3.00000e+01,3.15200e+01,5.00000e+00
-5.13837e-02,4.07073e-02,1,3.15600e+01,3.00000e+01,3.15600e+01,5.00000e+00
-5.12578e-02,4.07239e-02,1,3.16000e+01,3.00000e+01,3.16000e+01,5.00000e+00
-5.08869e-02,4.05436e-02,1,3.16400e+01,3.00000e+01,3.16400e+01,5.00000e+00
-5.05159e-02,4.03632e-02,1,3.16800e+01,3.00000e+01,3.16800e+01,5.00000e+00
-5.01450e-02,4.01829e-02,1,3.17200e+01,3.00000e+01,3.17200e+01,5.00000e+00
-4.97741e-02,4.00026e-02,1,3.17600e+01,3.00000e+01,3.17600e+01,5.00000e+00
-4.93881e-02,3.98112e-02,1,3.18000e+01,3.00000e+01,3.18000e+01,5.00000e+00
-4.89033e-02,3.95473e-02,1,3.18400e+01,3.00000e+01,3.18400e+01,5.00000e+00
-4.83639e-02,3.92343e-02,1,3.18800e+01,3.00000e+01,3.18800e+01,5.00000e+00
-4.77488e-02,3.89090e-02,1,3.19200e+01,3.00000e+01,3.19200e+01,5.00000e+00
-4.71360e-02,3.85866e-02,1,3.19600e+01,3.00000e+01,3.19600e+01,5.00000e+00
-4.65231e-02,3.82642e-02,1,3.20000e+01,3.00000e+01,3.20000e+01,5.00000e+00
-4.57408e-02,3.77886e-02,1,3.20400e+01,3.00000e+01,3.20400e+01,5.00000e+00
-4.50379e-02,3.74226e-02,1,3.20800e+01,3.00000e+01,3.20800e+01,5.00000e+00
-4.43350e-02,3.70567e-02,1,3.21200e+01,3.00000e+01,3.21200e+01,5.00000e+00
-4.34229e-02,3.64965e-02,1,3.21600e+01,3.00000e+01,3.21600e+01,5.00000e+00
-4.24562e-02,3.58857e-02,1,3.22000e+01,3.00000e+01,3.22000e+01,5.00000e+00
-4.15271e-02,3.53299e-02,1,3.22400e+01,3.00000e+01,3.22400e+01,5.00000e+00
-4.06716e-02,3.48818e-02,1,3.22800e+01,3.00000e+01,3.22800e+01,5.00000e+00
-3.98160e-02,3.44337e-02,1,3.23200e+01,3.00000e+01,3.23200e+01,5.00000e+00
-3.89603e-02,3.39855e-02,1,3.23600e+01,3.00000e+01,3.23600e+01,5.00000e+00
-3.81047e-02,3.35374e-02,1,3.24000e+01,3.00000e+01,3.24000e+01,5.00000e+00
-3.69828e-02,3.28799e-02,1,3.24400e+01,3.00000e+01,3.24400e+01,5.00000e+00
-3.57911e-02,3.21675e-02,1,3.24800e+01,3.00000e+01,3.24800e+01,5.00000e+00
-3.45994e-02,3.14551e-02,1,3.25200e+01,3.00000e+01,3.25200e+01,5.00000e+00
-3.34077e-02,3.07428e-02,1,3.25600e+01,3.00000e+01,3.25600e+01,5.00000e+00
-3.22161e-02,3.00305e-02,1,3.26000e+01,3.00000e+01,3.26000e+01,5.00000e+00
-3.10243e-02,2.93181e-02,1,3.26400e+01,3.00000e+01,3.26400e+01,5.00000e+00
-2.98326e-02,2.86057e-02,1,3.26800e+01,3.00000e+01,3.26800e+01,5.00000e+00
-2.87207e-02,2.80129e-02,1,3.27200e+01,3.00000e+01,3.27200e+01,5.00000e+00
-2.76245e-02,2.74435e-02,1,3.27600e+01,3.00000e+01,3.27600e+01,5.00000e+00
-2.64434e-02,2.68123e-02,1,3.28000e+01,3.00000e+01,3.28000e+01,5.00000e+00
-2.49821e-02,2.59766e-02,1,3.28400e+01,3.00000e+01,3.28400e+01,5.00000e+00
-2.35209e-02,2.51410e-02,1,3.28800e+01,3.00000e+01,3.28800e+01,5.00000e+00
-2.20598e-02,2.43055e-02,1,3.29200e+01,3.00000e+01,3.29200e+01,5.00000e+00
-2.05986e-02,2.34699e-02,1,3.29600e+01,3.00000e+01,3.29600e+01,5.00000e+00
-1.91373e-02,2.26343e-02,1,3.30000e+01,3.00000e+01,3.30000e+01,5.00000e+00
-1.76116e-02,2.17403e-02,1,3.30400e+01,3.00000e+01,3.30400e+01,5.00000e+00
-1.60373e-02,2.08023e-02,1,3.30800e+01,3.00000e+01,3.30800e+01,5.00000e+00
-1.44632e-02,1.98645e-02,1,3.31200e+01,3.00000e+01,3.31200e+01,5.00000e+00
-1.28890e-02,1.89266e-02,1,3.31600e+01,3.00000e+01,3.31600e+01,5.00000e+00
-1.13148e-02,1.79887e-02,1,3.32000e+01,3.00000e+01,3.32000e+01,5.00000e+00
-9.52857e-03,1.69165e-02,1,3.32400e+01,3.00000e+01,3.32400e+01,5.00000e+00
-7.67833e-03,1.58038e-02,1,3.32800e+01,3.00000e+01,3.32800e+01,5.00000e+00
-5.82792e-03,1.46910e-02,1,3.33200e+01,3.00000e+01,3.33200e+01,5.00000e+00
-3.97995e-03,1.35814e-02,1,3.33600e+01,3.00000e+01,3.33600e+01,5.00000e+00
-2.17512e-03,1.25306e-02,1,3.34000e+01,3.00000e+01,3.34000e+01,5.00000e+00
-3.70452e-04,1.14799e-02,1,3.34400e+01,3.00000e+01,3.34400e+01,5.00000e+00
1.43438e-03,1.04290e-02,1,3.34800e+01,3.00000e+01,3.34800e+01,5.00000e+00
3.23922e-03,9.37821e-03,1,3.35200e+01,3.00000e+01,3.35200e+01,5.00000e+00
5.04405e-03,8.32738e-03,1,3.35600e+01,3.00000e+01,3.35600e+01,5.00000e+00
6.89097e-03,7.24603e-03,1,3.36000e+01,3.00000e+01,3.36000e+01,5.00000e+00
8.89954e-03,6.04761e-03,1,3.36400e+01,3.00000e+01,3.36400e+01,5.00000e+00
1.09081e-02,4.84920e-03,1,3.36800e+01,3.00000e+01,3.36800e+01,5.00000e+00
1.29167e-02,3.65078e-03,1,3.37200e+01,3.00000e+01,3.37200e+01,5.00000e+00
1.49250e-02,2.45247e-03,1,3.37600e+01,3.00000e+01,3.37600e+01,5.00000e+00
1.69336e-02,1.25405e-03,1,3.38000e+01,3.00000e+01,3.38000e+01,5.00000e+00
1.89421e-02,5.56326e-05,1,3.38400e+01,3.00000e+01,3.38400e+01,5.00000e+00
2.09538e-02,-1.14217e-03,1,3.38800e+01,3.00000e+01,3.38800e+01,5.00000e+00
2.30633e-02,-2.41537e-03,1,3.39200e+01,3.00000e+01,3.39200e+01,5.00000e+00
2.51817e-02,-3.69628e-03,1,3.39600e+01,3.00000e+01,3.39600e+01,5.00000e+00
2.73001e-02,-4.97718e-03,1,3.40000e+01,3.00000e+01,3.40000e+01,5.00000e+00
2.94643e-02,-6.29867e-03,1,3.40400e+01,3.00000e+01,3.40400e+01,5.00000e+00
3.16151e-02,-7.61207e-03,1,3.40800e+01,3.00000e+01,3.40800e+01,5.00000e+00
3.37596e-02,-8.92174e-03,1,3.41200e+01,3.00000e+01,3.41200e+01,5.00000e+00
3.59349e-02,-1.02706e-02,1,3.41600e+01,3.00000e+01,3.41600e+01,5.00000e+00
3.81182e-02,-1.16296e-02,1,3.42000e+01,3.00000e+01,3.42000e+01,5.00000e+00
4.03014e-02,-1.29886e-02,1,3.42400e+01,3.00000e+01,3.42400e+01,5.00000e+00
4.24845e-02,-1.43474e-02,1,3.42800e+01,3.00000e+01,3.42800e+01,5.00000e+00
4.46876e-02,-1.57172e-02,1,3.43200e+01,3.00000e+01,3.43200e+01,5.00000e+00
4.68940e-02,-1.70886e-02,1,3.43600e+01,3.00000e+01,3.43600e+01,5.00000e+00
4.91003e-02,-1.84601e-02,1,3.44000e+01,3.00000e+01,3.44000e+01,5.00000e+00
5.12883e-02,-1.98727e-02,1,3.44400e+01,3.00000e+01,3.44400e+01,5.00000e+00
5.34717e-02,-2.12963e-02,1,3.44800e+01,3.00000e+01,3.44800e+01,5.00000e+00
5.56551e-02,-2.27199e-02,1,3.45200e+01,3.00000e+01,3.45200e+01,5.00000e+00
5.78386e-02,-2.41435e-02,1,3.45600e+01,3.00000e+01,3.45600e+01,5.00000e+00
6.00218e-02,-2.55670e-02,1,3.46000e+01,3.00000e+01,3.46000e+01,5.00000e+00
6.22052e-02,-2.69906e-02,1,3.46400e+01,3.00000e+01,3.46400e+01,5.00000e+00
6.43894e-02,-2.84135e-02,1,3.46800e+01,3.00000e+01,3.46800e+01,5.00000e+00
6.65818e-02,-2.98293e-02,1,3.47200e+01,3.00000e+01,3.47200e+01,5.00000e+00
6.87739e-02,-3.12450e-02,1,3.47600e+01,3.00000e+01,3.47600e+01,5.00000e+00
7.09344e-02,-3.26591e-02,1,3.48000e+01,3.00000e+01,3.48000e+01,5.00000e+00
7.29900e-02,-3.40675e-02,1,3.48400e+01,3.00000e+01,3.48400e+01,5.00000e+00
7.50457e-02,-3.54759e-02,1,3.48800e+01,3.00000e+01,3.48800e+01,5.00000e+00
7.70987e-02,-3.69005e-02,1,3.49200e+01,3.00000e+01,3.49200e+01,5.00000e+00
7.91484e-02,-3.83478e-02,1,3.49600e+01,3.00000e+01,3.49600e+01,5.00000e+00
8.11982e-02,-3.97952e-02,1,3.50000e+01,3.00000e+01,3.50000e+01,5.00000e+00
8.32480e-02,-4.12425e-02,1,3.50400e+01,3.00000e+01,3.50400e+01,5.00000e+00
8.52978e-02,-4.26899e-02,1,3.50800e+01,3.00000e+01,3.50800e+01,5.00000e+00
8.73474e-02,-4.41371e-02,1,3.51200e+01,3.00000e+01,3.51200e+01,5.00000e+00
8.93972e-02,-4.55844e-02,1,3.51600e+01,3.00000e+01,3.51600e+01,5.00000e+00
9.14470e-02,-4.70317e-02,1,3.52000e+01,3.00000e+01,3.52000e+01,5.00000e+00
9.33129e-02,-4.84438e-02,1,3.52400e+01,3.00000e+01,3.52400e+01,5.00000e+00
9.51231e-02,-4.98450e-02,1,3.52800e+01,3.00000e+01,3.52800e+01,5.00000e+00
9.69334e-02,-5.12463e-02,1,3.53200e+01,3.00000e+01,3.53200e+01,5.00000e+00
9.87437e-02,-5.26477e-02,1,3.53600e+01,3.00000e+01,3.53600e+01,5.00000e+00
1.00554e-01,-5.40490e-02,1,3.54000e+01,3.00000e+01,3.54000e+01,5.00000e+00
1.02364e-01,-5.54502e-02,1,3.54400e+01,3.00000e+01,3.54400e+01,5.00000e+00
1.04174e-01,-5.68516e-02,1,3.54800e+01,3.00000e+01,3.54800e+01,5.00000e+00
1.05981e-01,-5.82484e-02,1,3.55200e+01,3.00000e+01,3.55200e+01,5.00000e+00
1.07724e-01,-5.95790e-02,1,3.55600e+01,3.00000e+01,3.55600e+01,5.00000e+00
1.09397e-01,-6.08708e-02,1,3.56000e+01,3.00000e+01,3.56000e+01,5.00000e+00
1.10843e-01,-6.21008e-02,1,3.56400e+01,3.00000e+01,3.56400e+01,5.00000e+00
1.12316e-01,-6.33884e-02,1,3.56800e+01,3.00000e+01,3.56800e+01,5.00000e+00
1.13789e-01,-6.46760e-02,1,3.57200e+01,3.00000e+01,3.57200e+01,5.00000e+00
1.15261e-01,-6.59634e-02,1,3.57600e+01,3.00000e+01,3.57600e+01,5.00000e+00
1.16734e-01,-6.72510e-02,1,3.58000e+01,3.00000e+01,3.58000e+01,5.00000e+00
1.18207e-01,-6.85385e-02,1,3.58400e+01,3.00000e+01,3.58400e+01,5.00000e+00
1.19623e-01,-6.97830e-02,1,3.58800e+01,3.00000e+01,3.58800e+01,5.00000e+00
1.20826e-01,-7.08741e-02,1,3.59200e+01,3.00000e+01,3.59200e+01,5.00000e+00
1.22131e-01,-7.21214e-02,1,3.59600e+01,3.00000e+01,3.59600e+01,5.00000e+00
1.23436e-01,-7.33687e-02,1,3.60000e+01,3.00000e+01,3.60000e+01,5.00000e+00
1.24506e-01,-7.44060e-02,1,3.60400e+01,3.00000e+01,3.60400e+01,5.00000e+00
1.25636e-01,-7.55178e-02,1,3.60800e+01,3.00000e+01,3.60800e+01,5.00000e+00
1.26838e-01,-7.67188e-02,1,3.61200e+01,3.00000e+01,3.61200e+01,5.00000e+00
1.27795e-01,-7.77356e-02,1,3.61600e+01,3.00000e+01,3.61600e+01,5.00000e+00
1.28688e-01,-7.87044e-02,1,3.62000e+01,3.00000e+01,3.62000e+01,5.00000e+00
1.29581e-01,-7.96732e-02,1,3.62400e+01,3.00000e+01,3.62400e+01,5.00000e+00
1.30475e-01,-8.06419e-02,1,3.62800e+01,3.00000e+01,3.62800e+01,5.00000e+00
1.31368e-01,-8.16107e-02,1,3.63200e+01,3.00000e+01,3.63200e+01,5.00000e+00
1.32368e-01,-8.26739e-02,1,3.63600e+01,3.00000e+01,3.63600e+01,5.00000e+00
1.33406e-01,-8.37713e-02,1,3.64000e+01,3.00000e+01,3.64000e+01,5.00000e+00
1.34120e-01,-8.46256e-02,1,3.64400e+01,3.00000e+01,3.64400e+01,5.00000e+00
1.34750e-01,-8.54163e-02,1,3.64800e+01,3.00000e+01,3.64800e+01,5.00000e+00
1.35379e-01,-8.62070e-02,1,3.65200e+01,3.00000e+01,3.65200e+01,5.00000e+00
1.36009e-01,-8.69977e-02,1,3.65600e+01,3.00000e+01,3.65600e+01,5.00000e+00
1.36639e-01,-8.77883e-02,1,3.66000e+01,3.00000e+01,3.66000e+01,5.00000e+00
1.37266e-01,-8.85775e-02,1,3.66400e+01,3.00000e+01,3.66400e+01,5.00000e+00
1.37712e-01,-8.92240e-02,1,3.66800e+01,3.00000e+01,3.66800e+01,5.00000e+00
1.38158e-01,-8.98704e-02,1,3.67200e+01,3.00000e+01,3.67200e+01,5.00000e+00
1.38604e-01,-9.05168e-02,1,3.67600e+01,3.00000e+01,3.67600e+01,5.00000e+00
1.38939e-01,-9.10681e-02,1,3.68000e+01,3.00000e+01,3.68000e+01,5.00000e+00
1.38908e-01,-9.13050e-02,1,3.68400e+01,3.00000e+01,3.68400e+01,5.00000e+00
1.38929e-01,-9.15626e-02,1,3.68800e+01,3.00000e+01,3.68800e+01,5.00000e+00
1.39137e-01,-9.18941e-02,1,3.69200e+01,3.00000e+01,3.69200e+01,5.00000e+00
1.39344e-01,-9.22258e-02,1,3.69600e+01,3.00000e+01,3.69600e+01,5.00000e+00
1.39552e-01,-9.25574e-02,1,3.70000e+01,3.00000e+01,3.70000e+01,5.00000e+00
1.39760e-01,-9.28890e-02,1,3.70400e+01,3.00000e+01,3.70400e+01,5.00000e+00
1.39968e-01,-9.32206e-02,1,3.70800e+01,3.00000e+01,3.70800e+01,5.00000e+00
1.40176e-01,-9.35522e-02,1,3.71200e+01,3.00000e+01,3.71200e+01,5.00000e+00
1.40384e-01,-9.38838e-02,1,3.71600e+01,3.00000e+01,3.71600e+01,5.00000e+00
1.40592e-01,-9.42154e-02,1,3.72000e+01,3.00000e+01,3.72000e+01,5.00000e+00
1.40511e-01,-9.41974e-02,1,3.72400e+01,3.00000e+01,3.72400e+01,5.00000e+00
1.40344e-01,-9.40735e-02,1,3.72800e+01,3.00000e+01,3.72800e+01,5.00000e+00
1.40176e-01,-9.39495e-02,1,3.73200e+01,3.00000e+01,3.73200e+01,5.00000e+00
1.40009e-01,-9.38255e-02,1,3.73600e+01,3.00000e+01,3.73600e+01,5.00000e+00
1.39841e-01,-9.37015e-02,1,3.74000e+01,3.00000e+01,3.74000e+01,5.00000e+00
1.39674e-01,-9.35776e-02,1,3.74400e+01,3.00000e+01,3.74400e+01,5.00000e+00
1.39534e-01,-9.34583e-02,1,3.74800e+01,3.00000e+01,3.74800e+01,5.00000e+00
1.39678e-01,-9.33863e-02,1,3.75200e+01,3.00000e+01,3.75200e+01,5.00000e+00
1.39822e-01,-9.33142e-02,1,3.75600e+01,3.00000e+01,3.75600e+01,5.00000e+00
1.39893e-01,-9.31574e-02,1,3.76000e+01,3.00000e+01,3.76000e+01,5.00000e+00
1.39684e-01,-9.26765e-02,1,3.76400e+01,3.00000e+01,3.76400e+01,5.00000e+00
1.39476e-01,-9.21957e-02,1,3.76800e+01,3.00000e+01,3.76800e+01,5.00000e+00
1.39267e-01,-9.17148e-02,1,3.77200e+01,3.00000e+01,3.77200e+01,5.00000e+00
1.39058e-01,-9.12340e-02,1,3.77600e+01,3.00000e+01,3.77600e+01,5.00000e+00
1.38849e-01,-9.07531e-02,1,3.78000e+01,3.00000e+01,3.78000e+01,5.00000e+00
1.38616e-01,-9.02531e-02,1,3.78400e+01,3.00000e+01,3.78400e+01,5.00000e+00
1.38196e-01,-8.95934e-02,1,3.78800e+01,3.00000e+01,3.78800e+01,5.00000e+00
1.37851e-01,-8.87513e-02,1,3.79200e+01,3.00000e+01,3.79200e+01,5.00000e+00
1.37506e-01,-8.79092e-02,1,3.79600e+01,3.00000e+01,3.79600e+01,5.00000e+00
1.37160e-01,-8.70671e-02,1,3.80000e+01,3.00000e+01,3.80000e+01,5.00000e+00
1.36773e-01,-8.61061e-02,1,3.80400e+01,3.00000e+01,3.80400e+01,5.00000e+00
1.36554e-01,-8.51376e-02,1,3.80800e+01,3.00000e+01,3.80800e+01,5.00000e+00
1.36289e-01,-8.41050e-02,1,3.81200e+01,3.00000e+01,3.81200e+01,5.00000e+00
1.35945e-01,-8.29634e-02,1,3.81600e+01,3.00000e+01,3.81600e+01,5.00000e+00
1.35781e-01,-8.18080e-02,1,3.82000e+01,3.00000e+01,3.82000e+01,5.00000e+00
1.35784e-01,-8.06396e-02,1,3.82400e+01,3.00000e+01,3.82400e+01,5.00000e+00
1.35787e-01,-7.94714e-02,1,3.82800e+01,3.00000e+01,3.82800e+01,5.00000e+00
1.35791e-01,-7.83031e-02,1,3.83200e+01,3.00000e+01,3.83200e+01,5.00000e+00
1.35482e-01,-7.69698e-02,1,3.83600e+01,3.00000e+01,3.83600e+01,5.00000e+00
1.34990e-01,-7.55395e-02,1,3.84000e+01,3.00000e+01,3.84000e+01,5.00000e+00
1.34499e-01,-7.41094e-02,1,3.84400e+01,3.00000e+01,3.84400e+01,5.00000e+00
1.34007e-01,-7.26792e-02,1,3.84800e+01,3.00000e+01,3.84800e+01,5.00000e+00
1.33516e-01,-7.12489e-02,1,3.85200e+01,3.00000e+01,3.85200e+01,5.00000e+00
1.33148e-01,-6.98033e-02,1,3.85600e+01,3.00000e+01,3.85600e+01,5.00000e+00
1.32961e-01,-6.83356e-02,1,3.86000e+01,3.00000e+01,3.86000e+01,5.00000e+00
1.32774e-01,-6.68678e-02,1,3.86400e+01,3.00000e+01,3.86400e+01,5.00000e+00
1.32476e-01,-6.51627e-02,1,3.86800e+01,3.00000e+01,3.86800e+01,5.00000e+00
1.32149e-01,-6.33948e-02,1,3.87200e+01,3.00000e+01,3.87200e+01,5.00000e+00
1.31823e-01,-6.16271e-02,1,3.87600e+01,3.00000e+01,3.87600e+01,5.00000e+00
1.31496e-01,-5.98592e-02,1,3.88000e+01,3.00000e+01,3.88000e+01,5.00000e+00
1.31169e-01,-5.80913e-02,1,3.88400e+01,3.00000e+01,3.88400e+01,5.00000e+00
1.30842e-01,-5.63234e-02,1,3.88800e+01,3.00000e+01,3.88800e+01,5.00000e+00
1.30450e-01,-5.45282e-02,1,3.89200e+01,3.00000e+01,3.89200e+01,5.00000e+00
1.30014e-01,-5.27147e-02,1,3.89600e+01,3.00000e+01,3.89600e+01,5.00000e+00
1.29729e-01,-5.08560e-02,1,3.90000e+01,3.00000e+01,3.90000e+01,5.00000e+00
1.30010e-01,-4.88263e-02,1,3.90400e+01,3.00000e+01,3.90400e+01,5.00000e+00
1.30373e-01,-4.67740e-02,1,3.90800e+01,3.00000e+01,3.90800e+01,5.00000e+00
1.30805e-01,-4.47029e-02,1,3.91200e+01,3.00000e+01,3.91200e+01,5.00000e+00
1.31237e-01,-4.26316e-02,1,3.91600e+01,3.00000e+01,3.91600e+01,5.00000e+00
1.31668e-01,-4.05604e-02,1,3.92000e+01,3.00000e+01,3.92000e+01,5.00000e+00
1.32100e-01,-3.84891e-02,1,3.92400e+01,3.00000e+01,3.92400e+01,5.00000e+00
1.32532e-01,-3.64180e-02,1,3.92800e+01,3.00000e+01,3.92800e+01,5.00000e+00
1.32543e-01,-3.42572e-02,1,3.93200e+01,3.00000e+01,3.93200e+01,5.00000e+00
1.31838e-01,-3.19439e-02,1,3.93600e+01,3.00000e+01,3.93600e+01,5.00000e+00
1.31133e-01,-2.96307e-02,1,3.94000e+01,3.00000e+01,3.94000e+01,5.00000e+00
1.30428e-01,-2.73177e-02,1,3.94400e+01,3.00000e+01,3.94400e+01,5.00000e+00
1.29723e-01,-2.50044e-02,1,3.94800e+01,3.00000e+01,3.94800e+01,5.00000e+00
1.29217e-01,-2.26547e-02,1,3.95200e+01,3.00000e+01,3.95200e+01,5.00000e+00
1.26431e-01,-2.02381e-02,1,3.95600e+01,3.00000e+01,3.95600e+01,5.00000e+00
1.22297e-01,-1.77833e-02,1,3.96000e+01,3.00000e+01,3.96000e+01,5.00000e+00
1.18173e-01,-1.53243e-02,1,3.96400e+01,3.00000e+01,3.96400e+01,5.00000e+00
1.10667e-01,-1.28698e-02,1,3.96800e+01,3.00000e+01,3.96800e+01,5.00000e+00
1.00858e-01,-1.04162e-02,1,3.97200e+01,3.00000e+01,3.97200e+01,5.00000e+00
8.87607e-02,-8.12786e-03,1,3.97600e+01,3.00000e+01,3.97600e+01,5.00000e+00
7.46407e-02,-5.97790e-03,1,3.98000e+01,3.00000e+01,3.98000e+01,5.00000e+00
5.84715e-02,-3.97625e-03,1,3.98400e+01,3.00000e+01,3.98400e+01,5.00000e+00
4.10181e-02,-2.32500e-03,1,3.98800e+01,3.00000e+01,3.98800e+01,5.00000e+00
2.40872e-02,-1.09020e-03,1,3.99200e+01,3.00000e+01,3.99200e+01,5.00000e+00
9.43188e-03,-2.93377e-04,1,3.99600e+01,3.00000e+01,3.99600e+01,5.00000e+00
0.00000e+00,0.00000e+00,1,4.00000e+01,3.00000e+01,4.00000e+01,5.00000e+00
