x_velocity,vtkValidPointMask,arc_length,Points:0,Points:1,Points:2
0.00000e+00,1,0.00000e+00,3.00000e+01,0.00000e+00,0.00000e+00
-1.13924e-02,1,4.00000e-02,3.00000e+01,4.00000e-02,0.00000e+00
-1.09502e-02,1,8.00000e-02,3.00000e+01,8.00000e-02,0.00000e+00
-5.80804e-03,1,1.20000e-01,3.00000e+01,1.20000e-01,0.00000e+00
-5.64036e-04,1,1.60000e-01,3.00000e+01,1.60000e-01,0.00000e+00
9.58665e-03,1,2.00000e-01,3.00000e+01,2.00000e-01,0.00000e+00
2.01926e-02,1,2.40000e-01,3.00000e+01,2.40000e-01,0.00000e+00
3.08154e-02,1,2.80000e-01,3.00000e+01,2.80000e-01,0.00000e+00
4.09437e-02,1,3.20000e-01,3.00000e+01,3.20000e-01,0.00000e+00
4.60867e-02,1,3.60000e-01,3.00000e+01,3.60000e-01,0.00000e+00
5.12192e-02,1,4.00000e-01,3.00000e+01,4.00000e-01,0.00000e+00
5.63412e-02,1,4.40000e-01,3.00000e+01,4.40000e-01,0.00000e+00
6.14527e-02,1,4.80000e-01,3.00000e+01,4.80000e-01,0.00000e+00
6.23705e-02,1,5.20000e-01,3.00000e+01,5.20000e-01,0.00000e+00
6.28516e-02,1,5.60000e-01,3.00000e+01,5.60000e-01,0.00000e+00
6.33249e-02,1,6.00000e-01,3.00000e+01,6.00000e-01,0.00000e+00
6.36813e-02,1,6.40000e-01,3.00000e+01,6.40000e-01,0.00000e+00
6.28266e-02,1,6.80000e-01,3.00000e+01,6.80000e-01,0.00000e+00
6.19683e-02,1,7.20000e-01,3.00000e+01,7.20000e-01,0.00000e+00
6.10591e-02,1,7.60000e-01,3.00000e+01,7.60000e-01,0.00000e+00
6.00010e-02,1,8.00000e-01,3.00000e+01,8.00000e-01,0.00000e+00
5.90002e-02,1,8.40000e-01,3.00000e+01,8.40000e-01,0.00000e+00
5.80165e-02,1,8.80000e-01,3.00000e+01,8.80000e-01,0.00000e+00
5.72462e-02,1,9.20000e-01,3.00000e+01,9.20000e-01,0.00000e+00
5.64757e-02,1,9.60000e-01,3.00000e+01,9.60000e-01,0.00000e+00
5.57047e-02,1,1.00000e+00,3.00000e+01,1.00000e+00,0.00000e+00
5.49335e-02,1,1.04000e+00,3.00000e+01,1.04000e+00,0.00000e+00
5.43588e-02,1,1.08000e+00,3.00000e+01,1.08000e+00,0.00000e+00
5.38116e-02,1,1.12000e+00,3.00000e+01,1.12000e+00,0.00000e+00
5.32636e-02,1,1.16000e+00,3.00000e+01,1.16000e+00,0.00000e+00
5.27150e-02,1,1.20000e+00,3.00000e+01,1.20000e+00,0.00000e+00
5.21657e-02,1,1.24000e+00,3.00000e+01,1.24000e+00,0.00000e+00
5.16127e-02,1,1.28000e+00,3.00000e+01,1.28000e+00,0.00000e+00
5.10399e-02,1,1.32000e+00,3.00000e+01,1.32000e+00,0.00000e+00
5.04660e-02,1,1.36000e+00,3.00000e+01,1.36000e+00,0.00000e+00
4.98908e-02,1,1.40000e+00,3.00000e+01,1.40000e+00,0.00000e+00
4.93143e-02,1,1.44000e+00,3.00000e+01,1.44000e+00,0.00000e+00
4.87367e-02,1,1.48000e+00,3.00000e+01,1.48000e+00,0.00000e+00
4.81578e-02,1,1.52000e+00,3.00000e+01,1.52000e+00,0.00000e+00
4.74667e-02,1,1.56000e+00,3.00000e+01,1.56000e+00,0.00000e+00
4.67560e-02,1,1.60000e+00,3.00000e+01,1.60000e+00,0.00000e+00
4.60435e-02,1,1.64000e+00,3.00000e+01,1.64000e+00,0.00000e+00
4.53293e-02,1,1.68000e+00,3.00000e+01,1.68000e+00,0.00000e+00
4.46134e-02,1,1.72000e+00,3.00000e+01,1.72000e+00,0.00000e+00
4.38843e-02,1,1.76000e+00,3.00000e+01,1.76000e+00,0.00000e+00
4.30723e-02,1,1.80000e+00,3.00000e+01,1.80000e+00,0.00000e+00
4.22580e-02,1,1.84000e+00,3.00000e+01,1.84000e+00,0.00000e+00
4.14415e-02,1,1.88000e+00,3.00000e+01,1.88000e+00,0.00000e+00
4.06228e-02,1,1.92000e+00,3.00000e+01,1.92000e+00,0.00000e+00
3.97557e-02,1,1.96000e+00,3.00000e+01,1.96000e+00,0.00000e+00
3.88821e-02,1,2.00000e+00,3.00000e+01,2.00000e+00,0.00000e+00
3.79678e-02,1,2.04000e+00,3.00000e+01,2.04000e+00,0.00000e+00
3.70506e-02,1,2.08000e+00,3.00000e+01,2.08000e+00,0.00000e+00
3.61303e-02,1,2.12000e+00,3.00000e+01,2.12000e+00,0.00000e+00
3.51576e-02,1,2.16000e+00,3.00000e+01,2.16000e+00,0.00000e+00
3.41684e-02,1,2.20000e+00,3.00000e+01,2.20000e+00,0.00000e+00
3.31756e-02,1,2.24000e+00,3.00000e+01,2.24000e+00,0.00000e+00
3.21792e-02,1,2.28000e+00,3.00000e+01,2.28000e+00,0.00000e+00
3.11792e-02,1,2.32000e+00,3.00000e+01,2.32000e+00,0.00000e+00
3.01755e-02,1,2.36000e+00,3.00000e+01,2.36000e+00,0.00000e+00
2.91681e-02,1,2.40000e+00,3.00000e+01,2.40000e+00,0.00000e+00
2.80794e-02,1,2.44000e+00,3.00000e+01,2.44000e+00,0.00000e+00
2.69726e-02,1,2.48000e+00,3.00000e+01,2.48000e+00,0.00000e+00
2.58630e-02,1,2.52000e+00,3.00000e+01,2.52000e+00,0.00000e+00
2.47507e-02,1,2.56000e+00,3.00000e+01,2.56000e+00,0.00000e+00
2.36355e-02,1,2.60000e+00,3.00000e+01,2.60000e+00,0.00000e+00
2.25176e-02,1,2.64000e+00,3.00000e+01,2.64000e+00,0.00000e+00
2.13969e-02,1,2.68000e+00,3.00000e+01,2.68000e+00,0.00000e+00
2.02734e-02,1,2.72000e+00,3.00000e+01,2.72000e+00,0.00000e+00
1.91472e-02,1,2.76000e+00,3.00000e+01,2.76000e+00,0.00000e+00
1.80082e-02,1,2.80000e+00,3.00000e+01,2.80000e+00,0.00000e+00
1.68330e-02,1,2.84000e+00,3.00000e+01,2.84000e+00,0.00000e+00
1.56539e-02,1,2.88000e+00,3.00000e+01,2.88000e+00,0.00000e+00
1.44709e-02,1,2.92000e+00,3.00000e+01,2.92000e+00,0.00000e+00
1.32839e-02,1,2.96000e+00,3.00000e+01,2.96000e+00,0.00000e+00
1.20931e-02,1,3.00000e+00,3.00000e+01,3.00000e+00,0.00000e+00
1.08983e-02,1,3.04000e+00,3.00000e+01,3.04000e+00,0.00000e+00
9.69958e-03,1,3.08000e+00,3.00000e+01,3.08000e+00,0.00000e+00
8.49693e-03,1,3.12000e+00,3.00000e+01,3.12000e+00,0.00000e+00
7.29033e-03,1,3.16000e+00,3.00000e+01,3.16000e+00,0.00000e+00
6.07979e-03,1,3.20000e+00,3.00000e+01,3.20000e+00,0.00000e+00
4.87007e-03,1,3.24000e+00,3.00000e+01,3.24000e+00,0.00000e+00
3.65694e-03,1,3.28000e+00,3.00000e+01,3.28000e+00,0.00000e+00
2.43882e-03,1,3.32000e+00,3.00000e+01,3.32000e+00,0.00000e+00
1.21571e-03,1,3.36000e+00,3.00000e+01,3.36000e+00,0.00000e+00
-1.24047e-05,1,3.40000e+00,3.00000e+01,3.40000e+00,0.00000e+00
-1.24551e-03,1,3.44000e+00,3.00000e+01,3.44000e+00,0.00000e+00
-2.48362e-03,1,3.48000e+00,3.00000e+01,3.48000e+00,0.00000e+00
-3.72674e-03,1,3.52000e+00,3.00000e+01,3.52000e+00,0.00000e+00
-4.97488e-03,1,3.56000e+00,3.00000e+01,3.56000e+00,0.00000e+00
-6.21901e-03,1,3.60000e+00,3.00000e+01,3.60000e+00,0.00000e+00
-7.43410e-03,1,3.64000e+00,3.00000e+01,3.64000e+00,0.00000e+00
-8.65498e-03,1,3.68000e+00,3.00000e+01,3.68000e+00,0.00000e+00
-9.88164e-03,1,3.72000e+00,3.00000e+01,3.72000e+00,0.00000e+00
-1.11141e-02,1,3.76000e+00,3.00000e+01,3.76000e+00,0.00000e+00
-1.23524e-02,1,3.80000e+00,3.00000e+01,3.80000e+00,0.00000e+00
-1.35964e-02,1,3.84000e+00,3.00000e+01,3.84000e+00,0.00000e+00
-1.48373e-02,1,3.88000e+00,3.00000e+01,3.88000e+00,0.00000e+00
-1.60496e-02,1,3.92000e+00,3.00000e+01,3.92000e+00,0.00000e+00
-1.72681e-02,1,3.96000e+00,3.00000e+01,3.96000e+00,0.00000e+00
-1.84929e-02,1,4.00000e+00,3.00000e+01,4.00000e+00,0.00000e+00
-1.96896e-02,1,4.04000e+00,3.00000e+01,4.04000e+00,0.00000e+00
-2.08928e-02,1,4.08000e+00,3.00000e+01,4.08000e+00,0.00000e+00
-2.21024e-02,1,4.12000e+00,3.00000e+01,4.12000e+00,0.00000e+00
-2.32667e-02,1,4.16000e+00,3.00000e+01,4.16000e+00,0.00000e+00
-2.44242e-02,1,4.20000e+00,3.00000e+01,4.20000e+00,0.00000e+00
-2.55885e-02,1,4.24000e+00,3.00000e+01,4.24000e+00,0.00000e+00
-2.67597e-02,1,4.28000e+00,3.00000e+01,4.28000e+00,0.00000e+00
-2.79376e-02,1,4.32000e+00,3.00000e+01,4.32000e+00,0.00000e+00
-2.91224e-02,1,4.36000e+00,3.00000e+01,4.36000e+00,0.00000e+00
-3.03139e-02,1,4.40000e+00,3.00000e+01,4.40000e+00,0.00000e+00
-3.14100e-02,1,4.44000e+00,3.00000e+01,4.44000e+00,0.00000e+00
-3.24864e-02,1,4.48000e+00,3.00000e+01,4.48000e+00,0.00000e+00
-3.35700e-02,1,4.52000e+00,3.00000e+01,4.52000e+00,0.00000e+00
-3.46607e-02,1,4.56000e+00,3.00000e+01,4.56000e+00,0.00000e+00
-3.57317e-02,1,4.60000e+00,3.00000e+01,4.60000e+00,0.00000e+00
-3.68056e-02,1,4.64000e+00,3.00000e+01,4.64000e+00,0.00000e+00
-3.78852e-02,1,4.68000e+00,3.00000e+01,4.68000e+00,0.00000e+00
-3.89703e-02,1,4.72000e+00,3.00000e+01,4.72000e+00,0.00000e+00
-4.00611e-02,1,4.76000e+00,3.00000e+01,4.76000e+00,0.00000e+00
-4.11136e-02,1,4.80000e+00,3.00000e+01,4.80000e+00,0.00000e+00
-4.20269e-02,1,4.84000e+00,3.00000e+01,4.84000e+00,0.00000e+00
-4.29465e-02,1,4.88000e+00,3.00000e+01,4.88000e+00,0.00000e+00
-4.38722e-02,1,4.92000e+00,3.00000e+01,4.92000e+00,0.00000e+00
-4.48041e-02,1,4.96000e+00,3.00000e+01,4.96000e+00,0.00000e+00
-4.57421e-02,1,5.00000e+00,3.00000e+01,5.00000e+00,0.00000e+00
-4.66864e-02,1,5.04000e+00,3.00000e+01,5.04000e+00,0.00000e+00
-4.76369e-02,1,5.08000e+00,3.00000e+01,5.08000e+00,0.00000e+00
-4.85936e-02,1,5.12000e+00,3.00000e+01,5.12000e+00,0.00000e+00
-4.95565e-02,1,5.16000e+00,3.00000e+01,5.16000e+00,0.00000e+00
-5.05257e-02,1,5.20000e+00,3.00000e+01,5.20000e+00,0.00000e+00
-5.13345e-02,1,5.24000e+00,3.00000e+01,5.24000e+00,0.00000e+00
-5.20993e-02,1,5.28000e+00,3.00000e+01,5.28000e+00,0.00000e+00
-5.28705e-02,1,5.32000e+00,3.00000e+01,5.32000e+00,0.00000e+00
-5.36482e-02,1,5.36000e+00,3.00000e+01,5.36000e+00,0.00000e+00
-5.44325e-02,1,5.40000e+00,3.00000e+01,5.40000e+00,0.00000e+00
-5.52232e-02,1,5.44000e+00,3.00000e+01,5.44000e+00,0.00000e+00
-5.60204e-02,1,5.48000e+00,3.00000e+01,5.48000e+00,0.00000e+00
-5.68241e-02,1,5.52000e+00,3.00000e+01,5.52000e+00,0.00000e+00
-5.76344e-02,1,5.56000e+00,3.00000e+01,5.56000e+00,0.00000e+00
-5.84106e-02,1,5.60000e+00,3.00000e+01,5.60000e+00,0.00000e+00
-5.90381e-02,1,5.64000e+00,3.00000e+01,5.64000e+00,0.00000e+00
-5.96721e-02,1,5.68000e+00,3.00000e+01,5.68000e+00,0.00000e+00
-6.03126e-02,1,5.72000e+00,3.00000e+01,5.72000e+00,0.00000e+00
-6.09597e-02,1,5.76000e+00,3.00000e+01,5.76000e+00,0.00000e+00
-6.16132e-02,1,5.80000e+00,3.00000e+01,5.80000e+00,0.00000e+00
-6.22732e-02,1,5.84000e+00,3.00000e+01,5.84000e+00,0.00000e+00
-6.29139e-02,1,5.88000e+00,3.00000e+01,5.88000e+00,0.00000e+00
-6.34613e-02,1,5.92000e+00,3.00000e+01,5.92000e+00,0.00000e+00
-6.40150e-02,1,5.96000e+00,3.00000e+01,5.96000e+00,0.00000e+00
-6.45752e-02,1,6.00000e+00,3.00000e+01,6.00000e+00,0.00000e+00
-6.50613e-02,1,6.04000e+00,3.00000e+01,6.04000e+00,0.00000e+00
-6.55537e-02,1,6.08000e+00,3.00000e+01,6.08000e+00,0.00000e+00
-6.60523e-02,1,6.12000e+00,3.00000e+01,6.12000e+00,0.00000e+00
-6.64551e-02,1,6.16000e+00,3.00000e+01,6.16000e+00,0.00000e+00
-6.68374e-02,1,6.20000e+00,3.00000e+01,6.20000e+00,0.00000e+00
-6.72257e-02,1,6.24000e+00,3.00000e+01,6.24000e+00,0.00000e+00
-6.76200e-02,1,6.28000e+00,3.00000e+01,6.28000e+00,0.00000e+00
-6.80203e-02,1,6.32000e+00,3.00000e+01,6.32000e+00,0.00000e+00
-6.84266e-02,1,6.36000e+00,3.00000e+01,6.36000e+00,0.00000e+00
-6.88389e-02,1,6.40000e+00,3.00000e+01,6.40000e+00,0.00000e+00
-6.90929e-02,1,6.44000e+00,3.00000e+01,6.44000e+00,0.00000e+00
-6.93092e-02,1,6.48000e+00,3.00000e+01,6.48000e+00,0.00000e+00
-6.95309e-02,1,6.52000e+00,3.00000e+01,6.52000e+00,0.00000e+00
-6.97580e-02,1,6.56000e+00,3.00000e+01,6.56000e+00,0.00000e+00
-6.99904e-02,1,6.60000e+00,3.00000e+01,6.60000e+00,0.00000e+00
-7.02283e-02,1,6.64000e+00,3.00000e+01,6.64000e+00,0.00000e+00
-7.04715e-02,1,6.68000e+00,3.00000e+01,6.68000e+00,0.00000e+00
-7.07201e-02,1,6.72000e+00,3.00000e+01,6.72000e+00,0.00000e+00
-7.09742e-02,1,6.76000e+00,3.00000e+01,6.76000e+00,0.00000e+00
-7.11774e-02,1,6.80000e+00,3.00000e+01,6.80000e+00,0.00000e+00
-7.11997e-02,1,6.84000e+00,3.00000e+01,6.84000e+00,0.00000e+00
-7.11846e-02,1,6.88000e+00,3.00000e+01,6.88000e+00,0.00000e+00
-7.11726e-02,1,6.92000e+00,3.00000e+01,6.92000e+00,0.00000e+00
-7.11657e-02,1,6.96000e+00,3.00000e+01,6.96000e+00,0.00000e+00
-7.11641e-02,1,7.00000e+00,3.00000e+01,7.00000e+00,0.00000e+00
-7.11677e-02,1,7.04000e+00,3.00000e+01,7.04000e+00,0.00000e+00
-7.11765e-02,1,7.08000e+00,3.00000e+01,7.08000e+00,0.00000e+00
-7.11906e-02,1,7.12000e+00,3.00000e+01,7.12000e+00,0.00000e+00
-7.12100e-02,1,7.16000e+00,3.00000e+01,7.16000e+00,0.00000e+00
-7.12346e-02,1,7.20000e+00,3.00000e+01,7.20000e+00,0.00000e+00
-7.10942e-02,1,7.24000e+00,3.00000e+01,7.24000e+00,0.00000e+00
-7.09067e-02,1,7.28000e+00,3.00000e+01,7.28000e+00,0.00000e+00
-7.07235e-02,1,7.32000e+00,3.00000e+01,7.32000e+00,0.00000e+00
-7.05446e-02,1,7.36000e+00,3.00000e+01,7.36000e+00,0.00000e+00
-7.03701e-02,1,7.40000e+00,3.00000e+01,7.40000e+00,0.00000e+00
-7.02000e-02,1,7.44000e+00,3.00000e+01,7.44000e+00,0.00000e+00
-7.00342e-02,1,7.48000e+00,3.00000e+01,7.48000e+00,0.00000e+00
-6.98728e-02,1,7.52000e+00,3.00000e+01,7.52000e+00,0.00000e+00
-6.97157e-02,1,7.56000e+00,3.00000e+01,7.56000e+00,0.00000e+00
-6.95293e-02,1,7.60000e+00,3.00000e+01,7.60000e+00,0.00000e+00
-6.92180e-02,1,7.64000e+00,3.00000e+01,7.64000e+00,0.00000e+00
-6.89102e-02,1,7.68000e+00,3.00000e+01,7.68000e+00,0.00000e+00
-6.86058e-02,1,7.72000e+00,3.00000e+01,7.72000e+00,0.00000e+00
-6.83048e-02,1,7.76000e+00,3.00000e+01,7.76000e+00,0.00000e+00
-6.80072e-02,1,7.80000e+00,3.00000e+01,7.80000e+00,0.00000e+00
-6.77131e-02,1,7.84000e+00,3.00000e+01,7.84000e+00,0.00000e+00
-6.74042e-02,1,7.88000e+00,3.00000e+01,7.88000e+00,0.00000e+00
-6.70280e-02,1,7.92000e+00,3.00000e+01,7.92000e+00,0.00000e+00
-6.66546e-02,1,7.96000e+00,3.00000e+01,7.96000e+00,0.00000e+00
-6.62841e-02,1,8.00000e+00,3.00000e+01,8.00000e+00,0.00000e+00
-6.58657e-02,1,8.04000e+00,3.00000e+01,8.04000e+00,0.00000e+00
-6.54497e-02,1,8.08000e+00,3.00000e+01,8.08000e+00,0.00000e+00
-6.50362e-02,1,8.12000e+00,3.00000e+01,8.12000e+00,0.00000e+00
-6.45689e-02,1,8.16000e+00,3.00000e+01,8.16000e+00,0.00000e+00
-6.40888e-02,1,8.20000e+00,3.00000e+01,8.20000e+00,0.00000e+00
-6.36104e-02,1,8.24000e+00,3.00000e+01,8.24000e+00,0.00000e+00
-6.31338e-02,1,8.28000e+00,3.00000e+01,8.28000e+00,0.00000e+00
-6.26589e-02,1,8.32000e+00,3.00000e+01,8.32000e+00,0.00000e+00
-6.21857e-02,1,8.36000e+00,3.00000e+01,8.36000e+00,0.00000e+00
-6.17143e-02,1,8.40000e+00,3.00000e+01,8.40000e+00,0.00000e+00
-6.11711e-02,1,8.44000e+00,3.00000e+01,8.44000e+00,0.00000e+00
-6.06094e-02,1,8.48000e+00,3.00000e+01,8.48000e+00,0.00000e+00
-6.00484e-02,1,8.52000e+00,3.00000e+01,8.52000e+00,0.00000e+00
-5.94879e-02,1,8.56000e+00,3.00000e+01,8.56000e+00,0.00000e+00
-5.89282e-02,1,8.60000e+00,3.00000e+01,8.60000e+00,0.00000e+00
-5.83690e-02,1,8.64000e+00,3.00000e+01,8.64000e+00,0.00000e+00
-5.78105e-02,1,8.68000e+00,3.00000e+01,8.68000e+00,0.00000e+00
-5.72527e-02,1,8.72000e+00,3.00000e+01,8.72000e+00,0.00000e+00
-5.66955e-02,1,8.76000e+00,3.00000e+01,8.76000e+00,0.00000e+00
-5.61216e-02,1,8.80000e+00,3.00000e+01,8.80000e+00,0.00000e+00
-5.54903e-02,1,8.84000e+00,3.00000e+01,8.84000e+00,0.00000e+00
-5.48479e-02,1,8.88000e+00,3.00000e+01,8.88000e+00,0.00000e+00
-5.42043e-02,1,8.92000e+00,3.00000e+01,8.92000e+00,0.00000e+00
-5.35614e-02,1,8.96000e+00,3.00000e+01,8.96000e+00,0.00000e+00
-5.29192e-02,1,9.00000e+00,3.00000e+01,9.00000e+00,0.00000e+00
-5.22778e-02,1,9.04000e+00,3.00000e+01,9.04000e+00,0.00000e+00
-5.16371e-02,1,9.08000e+00,3.00000e+01,9.08000e+00,0.00000e+00
-5.09972e-02,1,9.12000e+00,3.00000e+01,9.12000e+00,0.00000e+00
-5.03580e-02,1,9.16000e+00,3.00000e+01,9.16000e+00,0.00000e+00
-4.97195e-02,1,9.20000e+00,3.00000e+01,9.20000e+00,0.00000e+00
-4.90550e-02,1,9.24000e+00,3.00000e+01,9.24000e+00,0.00000e+00
-4.83819e-02,1,9.28000e+00,3.00000e+01,9.28000e+00,0.00000e+00
-4.77084e-02,1,9.32000e+00,3.00000e+01,9.32000e+00,0.00000e+00
-4.70344e-02,1,9.36000e+00,3.00000e+01,9.36000e+00,0.00000e+00
-4.63600e-02,1,9.40000e+00,3.00000e+01,9.40000e+00,0.00000e+00
-4.56850e-02,1,9.44000e+00,3.00000e+01,9.44000e+00,0.00000e+00
-4.50096e-02,1,9.48000e+00,3.00000e+01,9.48000e+00,0.00000e+00
-4.43336e-02,1,9.52000e+00,3.00000e+01,9.52000e+00,0.00000e+00
-4.36572e-02,1,9.56000e+00,3.00000e+01,9.56000e+00,0.00000e+00
-4.29802e-02,1,9.60000e+00,3.00000e+01,9.60000e+00,0.00000e+00
-4.23020e-02,1,9.64000e+00,3.00000e+01,9.64000e+00,0.00000e+00
-4.16224e-02,1,9.68000e+00,3.00000e+01,9.68000e+00,0.00000e+00
-4.09413e-02,1,9.72000e+00,3.00000e+01,9.72000e+00,0.00000e+00
-4.02589e-02,1,9.76000e+00,3.00000e+01,9.76000e+00,0.00000e+00
-3.95751e-02,1,9.80000e+00,3.00000e+01,9.80000e+00,0.00000e+00
-3.88898e-02,1,9.84000e+00,3.00000e+01,9.84000e+00,0.00000e+00
-3.82056e-02,1,9.88000e+00,3.00000e+01,9.88000e+00,0.00000e+00
-3.75289e-02,1,9.92000e+00,3.00000e+01,9.92000e+00,0.00000e+00
-3.68502e-02,1,9.96000e+00,3.00000e+01,9.96000e+00,0.00000e+00
-3.61697e-02,1,1.00000e+01,3.00000e+01,1.00000e+01,0.00000e+00
-3.54992e-02,1,1.00400e+01,3.00000e+01,1.00400e+01,0.00000e+00
-3.48266e-02,1,1.00800e+01,3.00000e+01,1.00800e+01,0.00000e+00
-3.41517e-02,1,1.01200e+01,3.00000e+01,1.01200e+01,0.00000e+00
-3.34955e-02,1,1.01600e+01,3.00000e+01,1.01600e+01,0.00000e+00
-3.28421e-02,1,1.02000e+01,3.00000e+01,1.02000e+01,0.00000e+00
-3.21862e-02,1,1.02400e+01,3.00000e+01,1.02400e+01,0.00000e+00
-3.15289e-02,1,1.02800e+01,3.00000e+01,1.02800e+01,0.00000e+00
-3.08725e-02,1,1.03200e+01,3.00000e+01,1.03200e+01,0.00000e+00
-3.02142e-02,1,1.03600e+01,3.00000e+01,1.03600e+01,0.00000e+00
-2.95540e-02,1,1.04000e+01,3.00000e+01,1.04000e+01,0.00000e+00
-2.89362e-02,1,1.04400e+01,3.00000e+01,1.04400e+01,0.00000e+00
-2.83276e-02,1,1.04800e+01,3.00000e+01,1.04800e+01,0.00000e+00
-2.77164e-02,1,1.05200e+01,3.00000e+01,1.05200e+01,0.00000e+00
-2.71026e-02,1,1.05600e+01,3.00000e+01,1.05600e+01,0.00000e+00
-2.64863e-02,1,1.06000e+01,3.00000e+01,1.06000e+01,0.00000e+00
-2.58674e-02,1,1.06400e+01,3.00000e+01,1.06400e+01,0.00000e+00
-2.52459e-02,1,1.06800e+01,3.00000e+01,1.06800e+01,0.00000e+00
-2.46219e-02,1,1.07200e+01,3.00000e+01,1.07200e+01,0.00000e+00
-2.39953e-02,1,1.07600e+01,3.00000e+01,1.07600e+01,0.00000e+00
-2.33862e-02,1,1.08000e+01,3.00000e+01,1.08000e+01,0.00000e+00
-2.28405e-02,1,1.08400e+01,3.00000e+01,1.08400e+01,0.00000e+00
-2.22918e-02,1,1.08800e+01,3.00000e+01,1.08800e+01,0.00000e+00
-2.17413e-02,1,1.09200e+01,3.00000e+01,1.09200e+01,0.00000e+00
-2.11915e-02,1,1.09600e+01,3.00000e+01,1.09600e+01,0.00000e+00
-2.06390e-02,1,1.10000e+01,3.00000e+01,1.10000e+01,0.00000e+00
-2.00835e-02,1,1.10400e+01,3.00000e+01,1.10400e+01,0.00000e+00
-1.95253e-02,1,1.10800e+01,3.00000e+01,1.10800e+01,0.00000e+00
-1.89642e-02,1,1.11200e+01,3.00000e+01,1.11200e+01,0.00000e+00
-1.84002e-02,1,1.11600e+01,3.00000e+01,1.11600e+01,0.00000e+00
-1.78335e-02,1,1.12000e+01,3.00000e+01,1.12000e+01,0.00000e+00
-1.73409e-02,1,1.12400e+01,3.00000e+01,1.12400e+01,0.00000e+00
-1.68686e-02,1,1.12800e+01,3.00000e+01,1.12800e+01,0.00000e+00
-1.63930e-02,1,1.13200e+01,3.00000e+01,1.13200e+01,0.00000e+00
-1.59144e-02,1,1.13600e+01,3.00000e+01,1.13600e+01,0.00000e+00
-1.54325e-02,1,1.14000e+01,3.00000e+01,1.14000e+01,0.00000e+00
-1.49475e-02,1,1.14400e+01,3.00000e+01,1.14400e+01,0.00000e+00
-1.44593e-02,1,1.14800e+01,3.00000e+01,1.14800e+01,0.00000e+00
-1.39679e-02,1,1.15200e+01,3.00000e+01,1.15200e+01,0.00000e+00
-1.34780e-02,1,1.15600e+01,3.00000e+01,1.15600e+01,0.00000e+00
-1.30092e-02,1,1.16000e+01,3.00000e+01,1.16000e+01,0.00000e+00
-1.26086e-02,1,1.16400e+01,3.00000e+01,1.16400e+01,0.00000e+00
-1.22048e-02,1,1.16800e+01,3.00000e+01,1.16800e+01,0.00000e+00
-1.17979e-02,1,1.17200e+01,3.00000e+01,1.17200e+01,0.00000e+00
-1.13879e-02,1,1.17600e+01,3.00000e+01,1.17600e+01,0.00000e+00
-1.09747e-02,1,1.18000e+01,3.00000e+01,1.18000e+01,0.00000e+00
-1.05584e-02,1,1.18400e+01,3.00000e+01,1.18400e+01,0.00000e+00
-1.01506e-02,1,1.18800e+01,3.00000e+01,1.18800e+01,0.00000e+00
-9.78458e-03,1,1.19200e+01,3.00000e+01,1.19200e+01,0.00000e+00
-9.41536e-03,1,1.19600e+01,3.00000e+01,1.19600e+01,0.00000e+00
-9.04293e-03,1,1.20000e+01,3.00000e+01,1.20000e+01,0.00000e+00
-8.70323e-03,1,1.20400e+01,3.00000e+01,1.20400e+01,0.00000e+00
-8.36033e-03,1,1.20800e+01,3.00000e+01,1.20800e+01,0.00000e+00
-8.01422e-03,1,1.21200e+01,3.00000e+01,1.21200e+01,0.00000e+00
-7.70991e-03,1,1.21600e+01,3.00000e+01,1.21600e+01,0.00000e+00
-7.41416e-03,1,1.22000e+01,3.00000e+01,1.22000e+01,0.00000e+00
-7.11527e-03,1,1.22400e+01,3.00000e+01,1.22400e+01,0.00000e+00
-6.81322e-03,1,1.22800e+01,3.00000e+01,1.22800e+01,0.00000e+00
-6.50802e-03,1,1.23200e+01,3.00000e+01,1.23200e+01,0.00000e+00
-6.19967e-03,1,1.23600e+01,3.00000e+01,1.23600e+01,0.00000e+00
-5.88815e-03,1,1.24000e+01,3.00000e+01,1.24000e+01,0.00000e+00
-5.64463e-03,1,1.24400e+01,3.00000e+01,1.24400e+01,0.00000e+00
-5.41675e-03,1,1.24800e+01,3.00000e+01,1.24800e+01,0.00000e+00
-5.18591e-03,1,1.25200e+01,3.00000e+01,1.25200e+01,0.00000e+00
-4.95212e-03,1,1.25600e+01,3.00000e+01,1.25600e+01,0.00000e+00
-4.71536e-03,1,1.26000e+01,3.00000e+01,1.26000e+01,0.00000e+00
-4.47562e-03,1,1.26400e+01,3.00000e+01,1.26400e+01,0.00000e+00
-4.23292e-03,1,1.26800e+01,3.00000e+01,1.26800e+01,0.00000e+00
-3.98724e-03,1,1.27200e+01,3.00000e+01,1.27200e+01,0.00000e+00
-3.73858e-03,1,1.27600e+01,3.00000e+01,1.27600e+01,0.00000e+00
-3.51078e-03,1,1.28000e+01,3.00000e+01,1.28000e+01,0.00000e+00
-3.35894e-03,1,1.28400e+01,3.00000e+01,1.28400e+01,0.00000e+00
-3.20452e-03,1,1.28800e+01,3.00000e+01,1.28800e+01,0.00000e+00
-3.05674e-03,1,1.29200e+01,3.00000e+01,1.29200e+01,0.00000e+00
-2.91272e-03,1,1.29600e+01,3.00000e+01,1.29600e+01,0.00000e+00
-2.76573e-03,1,1.30000e+01,3.00000e+01,1.30000e+01,0.00000e+00
-2.61577e-03,1,1.30400e+01,3.00000e+01,1.30400e+01,0.00000e+00
-2.46283e-03,1,1.30800e+01,3.00000e+01,1.30800e+01,0.00000e+00
-2.30691e-03,1,1.31200e+01,3.00000e+01,1.31200e+01,0.00000e+00
-2.14800e-03,1,1.31600e+01,3.00000e+01,1.31600e+01,0.00000e+00
-1.98611e-03,1,1.32000e+01,3.00000e+01,1.32000e+01,0.00000e+00
-1.89233e-03,1,1.32400e+01,3.00000e+01,1.32400e+01,0.00000e+00
-1.81745e-03,1,1.32800e+01,3.00000e+01,1.32800e+01,0.00000e+00
-1.73996e-03,1,1.33200e+01,3.00000e+01,1.33200e+01,0.00000e+00
-1.65987e-03,1,1.33600e+01,3.00000e+01,1.33600e+01,0.00000e+00
-1.57718e-03,1,1.34000e+01,3.00000e+01,1.34000e+01,0.00000e+00
-1.49188e-03,1,1.34400e+01,3.00000e+01,1.34400e+01,0.00000e+00
-1.40396e-03,1,1.34800e+01,3.00000e+01,1.34800e+01,0.00000e+00
-1.31343e-03,1,1.35200e+01,3.00000e+01,1.35200e+01,0.00000e+00
-1.22028e-03,1,1.35600e+01,3.00000e+01,1.35600e+01,0.00000e+00
-1.13852e-03,1,1.36000e+01,3.00000e+01,1.36000e+01,0.00000e+00
-1.10789e-03,1,1.36400e+01,3.00000e+01,1.36400e+01,0.00000e+00
-1.07506e-03,1,1.36800e+01,3.00000e+01,1.36800e+01,0.00000e+00
-1.04003e-03,1,1.37200e+01,3.00000e+01,1.37200e+01,0.00000e+00
-1.00279e-03,1,1.37600e+01,3.00000e+01,1.37600e+01,0.00000e+00
-9.63339e-04,1,1.38000e+01,3.00000e+01,1.38000e+01,0.00000e+00
-9.21680e-04,1,1.38400e+01,3.00000e+01,1.38400e+01,0.00000e+00
-8.85451e-04,1,1.38800e+01,3.00000e+01,1.38800e+01,0.00000e+00
-8.76552e-04,1,1.39200e+01,3.00000e+01,1.39200e+01,0.00000e+00
-8.65726e-04,1,1.39600e+01,3.00000e+01,1.39600e+01,0.00000e+00
-8.52973e-04,1,1.40000e+01,3.00000e+01,1.40000e+01,0.00000e+00
-8.59587e-04,1,1.40400e+01,3.00000e+01,1.40400e+01,0.00000e+00
-8.64464e-04,1,1.40800e+01,3.00000e+01,1.40800e+01,0.00000e+00
-8.67600e-04,1,1.41200e+01,3.00000e+01,1.41200e+01,0.00000e+00
-8.92962e-04,1,1.41600e+01,3.00000e+01,1.41600e+01,0.00000e+00
-9.23102e-04,1,1.42000e+01,3.00000e+01,1.42000e+01,0.00000e+00
-9.51813e-04,1,1.42400e+01,3.00000e+01,1.42400e+01,0.00000e+00
-9.79094e-04,1,1.42800e+01,3.00000e+01,1.42800e+01,0.00000e+00
-1.00494e-03,1,1.43200e+01,3.00000e+01,1.43200e+01,0.00000e+00
-1.02936e-03,1,1.43600e+01,3.00000e+01,1.43600e+01,0.00000e+00
-1.05234e-03,1,1.44000e+01,3.00000e+01,1.44000e+01,0.00000e+00
-1.10637e-03,1,1.44400e+01,3.00000e+01,1.44400e+01,0.00000e+00
-1.16793e-03,1,1.44800e+01,3.00000e+01,1.44800e+01,0.00000e+00
-1.22858e-03,1,1.45200e+01,3.00000e+01,1.45200e+01,0.00000e+00
-1.28831e-03,1,1.45600e+01,3.00000e+01,1.45600e+01,0.00000e+00
-1.34712e-03,1,1.46000e+01,3.00000e+01,1.46000e+01,0.00000e+00
-1.40500e-03,1,1.46400e+01,3.00000e+01,1.46400e+01,0.00000e+00
-1.46196e-03,1,1.46800e+01,3.00000e+01,1.46800e+01,0.00000e+00
-1.52267e-03,1,1.47200e+01,3.00000e+01,1.47200e+01,0.00000e+00
-1.58435e-03,1,1.47600e+01,3.00000e+01,1.47600e+01,0.00000e+00
-1.65279e-03,1,1.48000e+01,3.00000e+01,1.48000e+01,0.00000e+00
-1.74775e-03,1,1.48400e+01,3.00000e+01,1.48400e+01,0.00000e+00
-1.84172e-03,1,1.48800e+01,3.00000e+01,1.48800e+01,0.00000e+00
-1.93469e-03,1,1.49200e+01,3.00000e+01,1.49200e+01,0.00000e+00
-2.02668e-03,1,1.49600e+01,3.00000e+01,1.49600e+01,0.00000e+00
-2.11767e-03,1,1.50000e+01,3.00000e+01,1.50000e+01,0.00000e+00
-2.20767e-03,1,1.50400e+01,3.00000e+01,1.50400e+01,0.00000e+00
-2.29668e-03,1,1.50800e+01,3.00000e+01,1.50800e+01,0.00000e+00
-2.38469e-03,1,1.51200e+01,3.00000e+01,1.51200e+01,0.00000e+00
-2.47170e-03,1,1.51600e+01,3.00000e+01,1.51600e+01,0.00000e+00
-2.55772e-03,1,1.52000e+01,3.00000e+01,1.52000e+01,0.00000e+00
-2.65986e-03,1,1.52400e+01,3.00000e+01,1.52400e+01,0.00000e+00
-2.76672e-03,1,1.52800e+01,3.00000e+01,1.52800e+01,0.00000e+00
-2.87319e-03,1,1.53200e+01,3.00000e+01,1.53200e+01,0.00000e+00
-2.97927e-03,1,1.53600e+01,3.00000e+01,1.53600e+01,0.00000e+00
-3.08496e-03,1,1.54000e+01,3.00000e+01,1.54000e+01,0.00000e+00
-3.19025e-03,1,1.54400e+01,3.00000e+01,1.54400e+01,0.00000e+00
-3.29515e-03,1,1.54800e+01,3.00000e+01,1.54800e+01,0.00000e+00
-3.39966e-03,1,1.55200e+01,3.00000e+01,1.55200e+01,0.00000e+00
-3.50377e-03,1,1.55600e+01,3.00000e+01,1.55600e+01,0.00000e+00
-3.60918e-03,1,1.56000e+01,3.00000e+01,1.56000e+01,0.00000e+00
-3.72094e-03,1,1.56400e+01,3.00000e+01,1.56400e+01,0.00000e+00
-3.83274e-03,1,1.56800e+01,3.00000e+01,1.56800e+01,0.00000e+00
-3.94459e-03,1,1.57200e+01,3.00000e+01,1.57200e+01,0.00000e+00
-4.05649e-03,1,1.57600e+01,3.00000e+01,1.57600e+01,0.00000e+00
-4.16844e-03,1,1.58000e+01,3.00000e+01,1.58000e+01,0.00000e+00
-4.28044e-03,1,1.58400e+01,3.00000e+01,1.58400e+01,0.00000e+00
-4.39263e-03,1,1.58800e+01,3.00000e+01,1.58800e+01,0.00000e+00
-4.50556e-03,1,1.59200e+01,3.00000e+01,1.59200e+01,0.00000e+00
-4.61877e-03,1,1.59600e+01,3.00000e+01,1.59600e+01,0.00000e+00
-4.73226e-03,1,1.60000e+01,3.00000e+01,1.60000e+01,0.00000e+00
-4.84468e-03,1,1.60400e+01,3.00000e+01,1.60400e+01,0.00000e+00
-4.95750e-03,1,1.60800e+01,3.00000e+01,1.60800e+01,0.00000e+00
-5.07075e-03,1,1.61200e+01,3.00000e+01,1.61200e+01,0.00000e+00
-5.18039e-03,1,1.61600e+01,3.00000e+01,1.61600e+01,0.00000e+00
-5.28956e-03,1,1.62000e+01,3.00000e+01,1.62000e+01,0.00000e+00
-5.39933e-03,1,1.62400e+01,3.00000e+01,1.62400e+01,0.00000e+00
-5.50969e-03,1,1.62800e+01,3.00000e+01,1.62800e+01,0.00000e+00
-5.62065e-03,1,1.63200e+01,3.00000e+01,1.63200e+01,0.00000e+00
-5.73220e-03,1,1.63600e+01,3.00000e+01,1.63600e+01,0.00000e+00
-5.84435e-03,1,1.64000e+01,3.00000e+01,1.64000e+01,0.00000e+00
-5.94610e-03,1,1.64400e+01,3.00000e+01,1.64400e+01,0.00000e+00
-6.04574e-03,1,1.64800e+01,3.00000e+01,1.64800e+01,0.00000e+00
-6.14619e-03,1,1.65200e+01,3.00000e+01,1.65200e+01,0.00000e+00
-6.24743e-03,1,1.65600e+01,3.00000e+01,1.65600e+01,0.00000e+00
-6.34862e-03,1,1.66000e+01,3.00000e+01,1.66000e+01,0.00000e+00
-6.44627e-03,1,1.66400e+01,3.00000e+01,1.66400e+01,0.00000e+00
-6.54431e-03,1,1.66800e+01,3.00000e+01,1.66800e+01,0.00000e+00
-6.64274e-03,1,1.67200e+01,3.00000e+01,1.67200e+01,0.00000e+00
-6.74157e-03,1,1.67600e+01,3.00000e+01,1.67600e+01,0.00000e+00
-6.83505e-03,1,1.68000e+01,3.00000e+01,1.68000e+01,0.00000e+00
-6.91014e-03,1,1.68400e+01,3.00000e+01,1.68400e+01,0.00000e+00
-6.98589e-03,1,1.68800e+01,3.00000e+01,1.68800e+01,0.00000e+00
-7.06229e-03,1,1.69200e+01,3.00000e+01,1.69200e+01,0.00000e+00
-7.13936e-03,1,1.69600e+01,3.00000e+01,1.69600e+01,0.00000e+00
-7.21709e-03,1,1.70000e+01,3.00000e+01,1.70000e+01,0.00000e+00
-7.29548e-03,1,1.70400e+01,3.00000e+01,1.70400e+01,0.00000e+00
-7.37453e-03,1,1.70800e+01,3.00000e+01,1.70800e+01,0.00000e+00
-7.45425e-03,1,1.71200e+01,3.00000e+01,1.71200e+01,0.00000e+00
-7.53463e-03,1,1.71600e+01,3.00000e+01,1.71600e+01,0.00000e+00
-7.61568e-03,1,1.72000e+01,3.00000e+01,1.72000e+01,0.00000e+00
-7.67391e-03,1,1.72400e+01,3.00000e+01,1.72400e+01,0.00000e+00
-7.72582e-03,1,1.72800e+01,3.00000e+01,1.72800e+01,0.00000e+00
-7.77852e-03,1,1.73200e+01,3.00000e+01,1.73200e+01,0.00000e+00
-7.83203e-03,1,1.73600e+01,3.00000e+01,1.73600e+01,0.00000e+00
-7.88634e-03,1,1.74000e+01,3.00000e+01,1.74000e+01,0.00000e+00
-7.94145e-03,1,1.74400e+01,3.00000e+01,1.74400e+01,0.00000e+00
-7.99737e-03,1,1.74800e+01,3.00000e+01,1.74800e+01,0.00000e+00
-8.05409e-03,1,1.75200e+01,3.00000e+01,1.75200e+01,0.00000e+00
-8.11162e-03,1,1.75600e+01,3.00000e+01,1.75600e+01,0.00000e+00
-8.16412e-03,1,1.76000e+01,3.00000e+01,1.76000e+01,0.00000e+00
-8.19513e-03,1,1.76400e+01,3.00000e+01,1.76400e+01,0.00000e+00
-8.22696e-03,1,1.76800e+01,3.00000e+01,1.76800e+01,0.00000e+00
-8.25962e-03,1,1.77200e+01,3.00000e+01,1.77200e+01,0.00000e+00
-8.29310e-03,1,1.77600e+01,3.00000e+01,1.77600e+01,0.00000e+00
-8.32740e-03,1,1.78000e+01,3.00000e+01,1.78000e+01,0.00000e+00
-8.36254e-03,1,1.78400e+01,3.00000e+01,1.78400e+01,0.00000e+00
-8.39481e-03,1,1.78800e+01,3.00000e+01,1.78800e+01,0.00000e+00
-8.41376e-03,1,1.79200e+01,3.00000e+01,1.79200e+01,0.00000e+00
-8.43351e-03,1,1.79600e+01,3.00000e+01,1.79600e+01,0.00000e+00
-8.45405e-03,1,1.80000e+01,3.00000e+01,1.80000e+01,0.00000e+00
-8.46413e-03,1,1.80400e+01,3.00000e+01,1.80400e+01,0.00000e+00
-8.47496e-03,1,1.80800e+01,3.00000e+01,1.80800e+01,0.00000e+00
-8.48657e-03,1,1.81200e+01,3.00000e+01,1.81200e+01,0.00000e+00
-8.48502e-03,1,1.81600e+01,3.00000e+01,1.81600e+01,0.00000e+00
-8.48053e-03,1,1.82000e+01,3.00000e+01,1.82000e+01,0.00000e+00
-8.47673e-03,1,1.82400e+01,3.00000e+01,1.82400e+01,0.00000e+00
-8.47194e-03,1,1.82800e+01,3.00000e+01,1.82800e+01,0.00000e+00
-8.46340e-03,1,1.83200e+01,3.00000e+01,1.83200e+01,0.00000e+00
-8.45569e-03,1,1.83600e+01,3.00000e+01,1.83600e+01,0.00000e+00
-8.44881e-03,1,1.84000e+01,3.00000e+01,1.84000e+01,0.00000e+00
-8.42153e-03,1,1.84400e+01,3.00000e+01,1.84400e+01,0.00000e+00
-8.38944e-03,1,1.84800e+01,3.00000e+01,1.84800e+01,0.00000e+00
-8.35808e-03,1,1.85200e+01,3.00000e+01,1.85200e+01,0.00000e+00
-8.32745e-03,1,1.85600e+01,3.00000e+01,1.85600e+01,0.00000e+00
-8.29755e-03,1,1.86000e+01,3.00000e+01,1.86000e+01,0.00000e+00
-8.26839e-03,1,1.86400e+01,3.00000e+01,1.86400e+01,0.00000e+00
-8.23995e-03,1,1.86800e+01,3.00000e+01,1.86800e+01,0.00000e+00
-8.21226e-03,1,1.87200e+01,3.00000e+01,1.87200e+01,0.00000e+00
-8.18530e-03,1,1.87600e+01,3.00000e+01,1.87600e+01,0.00000e+00
-8.15249e-03,1,1.88000e+01,3.00000e+01,1.88000e+01,0.00000e+00
-8.09852e-03,1,1.88400e+01,3.00000e+01,1.88400e+01,0.00000e+00
-8.04507e-03,1,1.88800e+01,3.00000e+01,1.88800e+01,0.00000e+00
-7.99214e-03,1,1.89200e+01,3.00000e+01,1.89200e+01,0.00000e+00
-7.93973e-03,1,1.89600e+01,3.00000e+01,1.89600e+01,0.00000e+00
-7.88784e-03,1,1.90000e+01,3.00000e+01,1.90000e+01,0.00000e+00
-7.83648e-03,1,1.90400e+01,3.00000e+01,1.90400e+01,0.00000e+00
-7.78564e-03,1,1.90800e+01,3.00000e+01,1.90800e+01,0.00000e+00
-7.73532e-03,1,1.91200e+01,3.00000e+01,1.91200e+01,0.00000e+00
-7.68553e-03,1,1.91600e+01,3.00000e+01,1.91600e+01,0.00000e+00
-7.63626e-03,1,1.92000e+01,3.00000e+01,1.92000e+01,0.00000e+00
-7.57022e-03,1,1.92400e+01,3.00000e+01,1.92400e+01,0.00000e+00
-7.49922e-03,1,1.92800e+01,3.00000e+01,1.92800e+01,0.00000e+00
-7.42846e-03,1,1.93200e+01,3.00000e+01,1.93200e+01,0.00000e+00
-7.35794e-03,1,1.93600e+01,3.00000e+01,1.93600e+01,0.00000e+00
-7.28766e-03,1,1.94000e+01,3.00000e+01,1.94000e+01,0.00000e+00
-7.21761e-03,1,1.94400e+01,3.00000e+01,1.94400e+01,0.00000e+00
-7.14707e-03,1,1.94800e+01,3.00000e+01,1.94800e+01,0.00000e+00
-7.07595e-03,1,1.95200e+01,3.00000e+01,1.95200e+01,0.00000e+00
-7.00528e-03,1,1.95600e+01,3.00000e+01,1.95600e+01,0.00000e+00
-6.93234e-03,1,1.96000e+01,3.00000e+01,1.96000e+01,0.00000e+00
-6.84936e-03,1,1.96400e+01,3.00000e+01,1.96400e+01,0.00000e+00
-6.76658e-03,1,1.96800e+01,3.00000e+01,1.96800e+01,0.00000e+00
-6.68401e-03,1,1.97200e+01,3.00000e+01,1.97200e+01,0.00000e+00
-6.60164e-03,1,1.97600e+01,3.00000e+01,1.97600e+01,0.00000e+00
-6.51948e-03,1,1.98000e+01,3.00000e+01,1.98000e+01,0.00000e+00
-6.43752e-03,1,1.98400e+01,3.00000e+01,1.98400e+01,0.00000e+00
-6.35474e-03,1,1.98800e+01,3.00000e+01,1.98800e+01,0.00000e+00
-6.26807e-03,1,1.99200e+01,3.00000e+01,1.99200e+01,0.00000e+00
-6.18146e-03,1,1.99600e+01,3.00000e+01,1.99600e+01,0.00000e+00
-6.09490e-03,1,2.00000e+01,3.00000e+01,2.00000e+01,0.00000e+00
-6.00632e-03,1,2.00400e+01,3.00000e+01,2.00400e+01,0.00000e+00
-5.91787e-03,1,2.00800e+01,3.00000e+01,2.00800e+01,0.00000e+00
-5.82955e-03,1,2.01200e+01,3.00000e+01,2.01200e+01,0.00000e+00
-5.74105e-03,1,2.01600e+01,3.00000e+01,2.01600e+01,0.00000e+00
-5.65248e-03,1,2.02000e+01,3.00000e+01,2.02000e+01,0.00000e+00
-5.56391e-03,1,2.02400e+01,3.00000e+01,2.02400e+01,0.00000e+00
-5.47532e-03,1,2.02800e+01,3.00000e+01,2.02800e+01,0.00000e+00
-5.38673e-03,1,2.03200e+01,3.00000e+01,2.03200e+01,0.00000e+00
-5.29813e-03,1,2.03600e+01,3.00000e+01,2.03600e+01,0.00000e+00
-5.20952e-03,1,2.04000e+01,3.00000e+01,2.04000e+01,0.00000e+00
-5.12514e-03,1,2.04400e+01,3.00000e+01,2.04400e+01,0.00000e+00
-5.04170e-03,1,2.04800e+01,3.00000e+01,2.04800e+01,0.00000e+00
-4.95808e-03,1,2.05200e+01,3.00000e+01,2.05200e+01,0.00000e+00
-4.87517e-03,1,2.05600e+01,3.00000e+01,2.05600e+01,0.00000e+00
-4.79266e-03,1,2.06000e+01,3.00000e+01,2.06000e+01,0.00000e+00
-4.71025e-03,1,2.06400e+01,3.00000e+01,2.06400e+01,0.00000e+00
-4.62793e-03,1,2.06800e+01,3.00000e+01,2.06800e+01,0.00000e+00
-4.54570e-03,1,2.07200e+01,3.00000e+01,2.07200e+01,0.00000e+00
-4.46357e-03,1,2.07600e+01,3.00000e+01,2.07600e+01,0.00000e+00
-4.38540e-03,1,2.08000e+01,3.00000e+01,2.08000e+01,0.00000e+00
-4.32004e-03,1,2.08400e+01,3.00000e+01,2.08400e+01,0.00000e+00
-4.25465e-03,1,2.08800e+01,3.00000e+01,2.08800e+01,0.00000e+00
-4.18921e-03,1,2.09200e+01,3.00000e+01,2.09200e+01,0.00000e+00
-4.12373e-03,1,2.09600e+01,3.00000e+01,2.09600e+01,0.00000e+00
-4.05821e-03,1,2.10000e+01,3.00000e+01,2.10000e+01,0.00000e+00
-3.99265e-03,1,2.10400e+01,3.00000e+01,2.10400e+01,0.00000e+00
-3.92704e-03,1,2.10800e+01,3.00000e+01,2.10800e+01,0.00000e+00
-3.86140e-03,1,2.11200e+01,3.00000e+01,2.11200e+01,0.00000e+00
-3.79571e-03,1,2.11600e+01,3.00000e+01,2.11600e+01,0.00000e+00
-3.72998e-03,1,2.12000e+01,3.00000e+01,2.12000e+01,0.00000e+00
-3.68521e-03,1,2.12400e+01,3.00000e+01,2.12400e+01,0.00000e+00
-3.64676e-03,1,2.12800e+01,3.00000e+01,2.12800e+01,0.00000e+00
-3.60825e-03,1,2.13200e+01,3.00000e+01,2.13200e+01,0.00000e+00
-3.56968e-03,1,2.13600e+01,3.00000e+01,2.13600e+01,0.00000e+00
-3.53106e-03,1,2.14000e+01,3.00000e+01,2.14000e+01,0.00000e+00
-3.49238e-03,1,2.14400e+01,3.00000e+01,2.14400e+01,0.00000e+00
-3.45365e-03,1,2.14800e+01,3.00000e+01,2.14800e+01,0.00000e+00
-3.41486e-03,1,2.15200e+01,3.00000e+01,2.15200e+01,0.00000e+00
-3.37603e-03,1,2.15600e+01,3.00000e+01,2.15600e+01,0.00000e+00
-3.34332e-03,1,2.16000e+01,3.00000e+01,2.16000e+01,0.00000e+00
-3.33424e-03,1,2.16400e+01,3.00000e+01,2.16400e+01,0.00000e+00
-3.32667e-03,1,2.16800e+01,3.00000e+01,2.16800e+01,0.00000e+00
-3.32585e-03,1,2.17200e+01,3.00000e+01,2.17200e+01,0.00000e+00
-3.32536e-03,1,2.17600e+01,3.00000e+01,2.17600e+01,0.00000e+00
-3.32522e-03,1,2.18000e+01,3.00000e+01,2.18000e+01,0.00000e+00
-3.32542e-03,1,2.18400e+01,3.00000e+01,2.18400e+01,0.00000e+00
-3.33024e-03,1,2.18800e+01,3.00000e+01,2.18800e+01,0.00000e+00
-3.35189e-03,1,2.19200e+01,3.00000e+01,2.19200e+01,0.00000e+00
-3.37391e-03,1,2.19600e+01,3.00000e+01,2.19600e+01,0.00000e+00
-3.39631e-03,1,2.20000e+01,3.00000e+01,2.20000e+01,0.00000e+00
-3.43282e-03,1,2.20400e+01,3.00000e+01,2.20400e+01,0.00000e+00
-3.46974e-03,1,2.20800e+01,3.00000e+01,2.20800e+01,0.00000e+00
-3.50706e-03,1,2.21200e+01,3.00000e+01,2.21200e+01,0.00000e+00
-3.56259e-03,1,2.21600e+01,3.00000e+01,2.21600e+01,0.00000e+00
-3.62322e-03,1,2.22000e+01,3.00000e+01,2.22000e+01,0.00000e+00
-3.68434e-03,1,2.22400e+01,3.00000e+01,2.22400e+01,0.00000e+00
-3.74595e-03,1,2.22800e+01,3.00000e+01,2.22800e+01,0.00000e+00
-3.80803e-03,1,2.23200e+01,3.00000e+01,2.23200e+01,0.00000e+00
-3.87061e-03,1,2.23600e+01,3.00000e+01,2.23600e+01,0.00000e+00
-3.93368e-03,1,2.24000e+01,3.00000e+01,2.24000e+01,0.00000e+00
-4.02585e-03,1,2.24400e+01,3.00000e+01,2.24400e+01,0.00000e+00
-4.12614e-03,1,2.24800e+01,3.00000e+01,2.24800e+01,0.00000e+00
-4.22707e-03,1,2.25200e+01,3.00000e+01,2.25200e+01,0.00000e+00
-4.32865e-03,1,2.25600e+01,3.00000e+01,2.25600e+01,0.00000e+00
-4.43087e-03,1,2.26000e+01,3.00000e+01,2.26000e+01,0.00000e+00
-4.53373e-03,1,2.26400e+01,3.00000e+01,2.26400e+01,0.00000e+00
-4.63724e-03,1,2.26800e+01,3.00000e+01,2.26800e+01,0.00000e+00
-4.74140e-03,1,2.27200e+01,3.00000e+01,2.27200e+01,0.00000e+00
-4.84621e-03,1,2.27600e+01,3.00000e+01,2.27600e+01,0.00000e+00
-4.96098e-03,1,2.28000e+01,3.00000e+01,2.28000e+01,0.00000e+00
-5.10729e-03,1,2.28400e+01,3.00000e+01,2.28400e+01,0.00000e+00
-5.25445e-03,1,2.28800e+01,3.00000e+01,2.28800e+01,0.00000e+00
-5.40245e-03,1,2.29200e+01,3.00000e+01,2.29200e+01,0.00000e+00
-5.55128e-03,1,2.29600e+01,3.00000e+01,2.29600e+01,0.00000e+00
-5.70096e-03,1,2.30000e+01,3.00000e+01,2.30000e+01,0.00000e+00
-5.85149e-03,1,2.30400e+01,3.00000e+01,2.30400e+01,0.00000e+00
-6.00285e-03,1,2.30800e+01,3.00000e+01,2.30800e+01,0.00000e+00
-6.15507e-03,1,2.31200e+01,3.00000e+01,2.31200e+01,0.00000e+00
-6.30813e-03,1,2.31600e+01,3.00000e+01,2.31600e+01,0.00000e+00
-6.46478e-03,1,2.32000e+01,3.00000e+01,2.32000e+01,0.00000e+00
-6.65369e-03,1,2.32400e+01,3.00000e+01,2.32400e+01,0.00000e+00
-6.85026e-03,1,2.32800e+01,3.00000e+01,2.32800e+01,0.00000e+00
-7.04718e-03,1,2.33200e+01,3.00000e+01,2.33200e+01,0.00000e+00
-7.24446e-03,1,2.33600e+01,3.00000e+01,2.33600e+01,0.00000e+00
-7.44208e-03,1,2.34000e+01,3.00000e+01,2.34000e+01,0.00000e+00
-7.64006e-03,1,2.34400e+01,3.00000e+01,2.34400e+01,0.00000e+00
-7.83839e-03,1,2.34800e+01,3.00000e+01,2.34800e+01,0.00000e+00
-8.03708e-03,1,2.35200e+01,3.00000e+01,2.35200e+01,0.00000e+00
-8.23611e-03,1,2.35600e+01,3.00000e+01,2.35600e+01,0.00000e+00
-8.43874e-03,1,2.36000e+01,3.00000e+01,2.36000e+01,0.00000e+00
-8.65397e-03,1,2.36400e+01,3.00000e+01,2.36400e+01,0.00000e+00
-8.86940e-03,1,2.36800e+01,3.00000e+01,2.36800e+01,0.00000e+00
-9.08502e-03,1,2.37200e+01,3.00000e+01,2.37200e+01,0.00000e+00
-9.30083e-03,1,2.37600e+01,3.00000e+01,2.37600e+01,0.00000e+00
-9.51683e-03,1,2.38000e+01,3.00000e+01,2.38000e+01,0.00000e+00
-9.73303e-03,1,2.38400e+01,3.00000e+01,2.38400e+01,0.00000e+00
-9.95021e-03,1,2.38800e+01,3.00000e+01,2.38800e+01,0.00000e+00
-1.01705e-02,1,2.39200e+01,3.00000e+01,2.39200e+01,0.00000e+00
-1.03908e-02,1,2.39600e+01,3.00000e+01,2.39600e+01,0.00000e+00
-1.06112e-02,1,2.40000e+01,3.00000e+01,2.40000e+01,0.00000e+00
-1.08317e-02,1,2.40400e+01,3.00000e+01,2.40400e+01,0.00000e+00
-1.10520e-02,1,2.40800e+01,3.00000e+01,2.40800e+01,0.00000e+00
-1.12724e-02,1,2.41200e+01,3.00000e+01,2.41200e+01,0.00000e+00
-1.14892e-02,1,2.41600e+01,3.00000e+01,2.41600e+01,0.00000e+00
-1.17048e-02,1,2.42000e+01,3.00000e+01,2.42000e+01,0.00000e+00
-1.19202e-02,1,2.42400e+01,3.00000e+01,2.42400e+01,0.00000e+00
-1.21354e-02,1,2.42800e+01,3.00000e+01,2.42800e+01,0.00000e+00
-1.23502e-02,1,2.43200e+01,3.00000e+01,2.43200e+01,0.00000e+00
-1.25648e-02,1,2.43600e+01,3.00000e+01,2.43600e+01,0.00000e+00
-1.27792e-02,1,2.44000e+01,3.00000e+01,2.44000e+01,0.00000e+00
-1.29796e-02,1,2.44400e+01,3.00000e+01,2.44400e+01,0.00000e+00
-1.31758e-02,1,2.44800e+01,3.00000e+01,2.44800e+01,0.00000e+00
-1.33714e-02,1,2.45200e+01,3.00000e+01,2.45200e+01,0.00000e+00
-1.35663e-02,1,2.45600e+01,3.00000e+01,2.45600e+01,0.00000e+00
-1.37606e-02,1,2.46000e+01,3.00000e+01,2.46000e+01,0.00000e+00
-1.39541e-02,1,2.46400e+01,3.00000e+01,2.46400e+01,0.00000e+00
-1.41470e-02,1,2.46800e+01,3.00000e+01,2.46800e+01,0.00000e+00
-1.43392e-02,1,2.47200e+01,3.00000e+01,2.47200e+01,0.00000e+00
-1.45308e-02,1,2.47600e+01,3.00000e+01,2.47600e+01,0.00000e+00
-1.47124e-02,1,2.48000e+01,3.00000e+01,2.48000e+01,0.00000e+00
-1.48562e-02,1,2.48400e+01,3.00000e+01,2.48400e+01,0.00000e+00
-1.49979e-02,1,2.48800e+01,3.00000e+01,2.48800e+01,0.00000e+00
-1.51376e-02,1,2.49200e+01,3.00000e+01,2.49200e+01,0.00000e+00
-1.52752e-02,1,2.49600e+01,3.00000e+01,2.49600e+01,0.00000e+00
-1.54107e-02,1,2.50000e+01,3.00000e+01,2.50000e+01,0.00000e+00
-1.55442e-02,1,2.50400e+01,3.00000e+01,2.50400e+01,0.00000e+00
-1.56756e-02,1,2.50800e+01,3.00000e+01,2.50800e+01,0.00000e+00
-1.58049e-02,1,2.51200e+01,3.00000e+01,2.51200e+01,0.00000e+00
-1.59322e-02,1,2.51600e+01,3.00000e+01,2.51600e+01,0.00000e+00
-1.60573e-02,1,2.52000e+01,3.00000e+01,2.52000e+01,0.00000e+00
-1.61420e-02,1,2.52400e+01,3.00000e+01,2.52400e+01,0.00000e+00
-1.62128e-02,1,2.52800e+01,3.00000e+01,2.52800e+01,0.00000e+00
-1.62811e-02,1,2.53200e+01,3.00000e+01,2.53200e+01,0.00000e+00
-1.63471e-02,1,2.53600e+01,3.00000e+01,2.53600e+01,0.00000e+00
-1.64107e-02,1,2.54000e+01,3.00000e+01,2.54000e+01,0.00000e+00
-1.64720e-02,1,2.54400e+01,3.00000e+01,2.54400e+01,0.00000e+00
-1.65308e-02,1,2.54800e+01,3.00000e+01,2.54800e+01,0.00000e+00
-1.65873e-02,1,2.55200e+01,3.00000e+01,2.55200e+01,0.00000e+00
-1.66414e-02,1,2.55600e+01,3.00000e+01,2.55600e+01,0.00000e+00
-1.66834e-02,1,2.56000e+01,3.00000e+01,2.56000e+01,0.00000e+00
-1.66855e-02,1,2.56400e+01,3.00000e+01,2.56400e+01,0.00000e+00
-1.66851e-02,1,2.56800e+01,3.00000e+01,2.56800e+01,0.00000e+00
-1.66822e-02,1,2.57200e+01,3.00000e+01,2.57200e+01,0.00000e+00
-1.66769e-02,1,2.57600e+01,3.00000e+01,2.57600e+01,0.00000e+00
-1.66691e-02,1,2.58000e+01,3.00000e+01,2.58000e+01,0.00000e+00
-1.66588e-02,1,2.58400e+01,3.00000e+01,2.58400e+01,0.00000e+00
-1.66399e-02,1,2.58800e+01,3.00000e+01,2.58800e+01,0.00000e+00
-1.65951e-02,1,2.59200e+01,3.00000e+01,2.59200e+01,0.00000e+00
-1.65478e-02,1,2.59600e+01,3.00000e+01,2.59600e+01,0.00000e+00
-1.64981e-02,1,2.60000e+01,3.00000e+01,2.60000e+01,0.00000e+00
-1.64276e-02,1,2.60400e+01,3.00000e+01,2.60400e+01,0.00000e+00
-1.63548e-02,1,2.60800e+01,3.00000e+01,2.60800e+01,0.00000e+00
-1.62795e-02,1,2.61200e+01,3.00000e+01,2.61200e+01,0.00000e+00
-1.61800e-02,1,2.61600e+01,3.00000e+01,2.61600e+01,0.00000e+00
-1.60726e-02,1,2.62000e+01,3.00000e+01,2.62000e+01,0.00000e+00
-1.59558e-02,1,2.62400e+01,3.00000e+01,2.62400e+01,0.00000e+00
-1.58302e-02,1,2.62800e+01,3.00000e+01,2.62800e+01,0.00000e+00
-1.57028e-02,1,2.63200e+01,3.00000e+01,2.63200e+01,0.00000e+00
-1.55735e-02,1,2.63600e+01,3.00000e+01,2.63600e+01,0.00000e+00
-1.54424e-02,1,2.64000e+01,3.00000e+01,2.64000e+01,0.00000e+00
-1.52799e-02,1,2.64400e+01,3.00000e+01,2.64400e+01,0.00000e+00
-1.51086e-02,1,2.64800e+01,3.00000e+01,2.64800e+01,0.00000e+00
-1.49361e-02,1,2.65200e+01,3.00000e+01,2.65200e+01,0.00000e+00
-1.47624e-02,1,2.65600e+01,3.00000e+01,2.65600e+01,0.00000e+00
-1.45877e-02,1,2.66000e+01,3.00000e+01,2.66000e+01,0.00000e+00
-1.44118e-02,1,2.66400e+01,3.00000e+01,2.66400e+01,0.00000e+00
-1.42347e-02,1,2.66800e+01,3.00000e+01,2.66800e+01,0.00000e+00
-1.40565e-02,1,2.67200e+01,3.00000e+01,2.67200e+01,0.00000e+00
-1.38772e-02,1,2.67600e+01,3.00000e+01,2.67600e+01,0.00000e+00
-1.36905e-02,1,2.68000e+01,3.00000e+01,2.68000e+01,0.00000e+00
-1.34830e-02,1,2.68400e+01,3.00000e+01,2.68400e+01,0.00000e+00
-1.32755e-02,1,2.68800e+01,3.00000e+01,2.68800e+01,0.00000e+00
-1.30679e-02,1,2.69200e+01,3.00000e+01,2.69200e+01,0.00000e+00
-1.28604e-02,1,2.69600e+01,3.00000e+01,2.69600e+01,0.00000e+00
-1.26529e-02,1,2.70000e+01,3.00000e+01,2.70000e+01,0.00000e+00
-1.24454e-02,1,2.70400e+01,3.00000e+01,2.70400e+01,0.00000e+00
-1.22379e-02,1,2.70800e+01,3.00000e+01,2.70800e+01,0.00000e+00
-1.20303e-02,1,2.71200e+01,3.00000e+01,2.71200e+01,0.00000e+00
-1.18228e-02,1,2.71600e+01,3.00000e+01,2.71600e+01,0.00000e+00
-1.16153e-02,1,2.72000e+01,3.00000e+01,2.72000e+01,0.00000e+00
-1.14084e-02,1,2.72400e+01,3.00000e+01,2.72400e+01,0.00000e+00
-1.12033e-02,1,2.72800e+01,3.00000e+01,2.72800e+01,0.00000e+00
-1.10005e-02,1,2.73200e+01,3.00000e+01,2.73200e+01,0.00000e+00
-1.07998e-02,1,2.73600e+01,3.00000e+01,2.73600e+01,0.00000e+00
-1.06014e-02,1,2.74000e+01,3.00000e+01,2.74000e+01,0.00000e+00
-1.04052e-02,1,2.74400e+01,3.00000e+01,2.74400e+01,0.00000e+00
-1.02113e-02,1,2.74800e+01,3.00000e+01,2.74800e+01,0.00000e+00
-1.00196e-02,1,2.75200e+01,3.00000e+01,2.75200e+01,0.00000e+00
-9.83010e-03,1,2.75600e+01,3.00000e+01,2.75600e+01,0.00000e+00
-9.64802e-03,1,2.76000e+01,3.00000e+01,2.76000e+01,0.00000e+00
-9.48865e-03,1,2.76400e+01,3.00000e+01,2.76400e+01,0.00000e+00
-9.33274e-03,1,2.76800e+01,3.00000e+01,2.76800e+01,0.00000e+00
-9.18366e-03,1,2.77200e+01,3.00000e+01,2.77200e+01,0.00000e+00
-9.04005e-03,1,2.77600e+01,3.00000e+01,2.77600e+01,0.00000e+00
-8.90056e-03,1,2.78000e+01,3.00000e+01,2.78000e+01,0.00000e+00
-8.76519e-03,1,2.78400e+01,3.00000e+01,2.78400e+01,0.00000e+00
-8.63954e-03,1,2.78800e+01,3.00000e+01,2.78800e+01,0.00000e+00
-8.53997e-03,1,2.79200e+01,3.00000e+01,2.79200e+01,0.00000e+00
-8.44526e-03,1,2.79600e+01,3.00000e+01,2.79600e+01,0.00000e+00
-8.35541e-03,1,2.80000e+01,3.00000e+01,2.80000e+01,0.00000e+00
-8.29209e-03,1,2.80400e+01,3.00000e+01,2.80400e+01,0.00000e+00
-8.23406e-03,1,2.80800e+01,3.00000e+01,2.80800e+01,0.00000e+00
-8.18130e-03,1,2.81200e+01,3.00000e+01,2.81200e+01,0.00000e+00
-8.17283e-03,1,2.81600e+01,3.00000e+01,2.81600e+01,0.00000e+00
-8.18911e-03,1,2.82000e+01,3.00000e+01,2.82000e+01,0.00000e+00
-8.21223e-03,1,2.82400e+01,3.00000e+01,2.82400e+01,0.00000e+00
-8.24217e-03,1,2.82800e+01,3.00000e+01,2.82800e+01,0.00000e+00
-8.27896e-03,1,2.83200e+01,3.00000e+01,2.83200e+01,0.00000e+00
-8.32260e-03,1,2.83600e+01,3.00000e+01,2.83600e+01,0.00000e+00
-8.37310e-03,1,2.84000e+01,3.00000e+01,2.84000e+01,0.00000e+00
-8.49774e-03,1,2.84400e+01,3.00000e+01,2.84400e+01,0.00000e+00
-8.64735e-03,1,2.84800e+01,3.00000e+01,2.84800e+01,0.00000e+00
-8.80441e-03,1,2.85200e+01,3.00000e+01,2.85200e+01,0.00000e+00
-8.96889e-03,1,2.85600e+01,3.00000e+01,2.85600e+01,0.00000e+00
-9.14084e-03,1,2.86000e+01,3.00000e+01,2.86000e+01,0.00000e+00
-9.32023e-03,1,2.86400e+01,3.00000e+01,2.86400e+01,0.00000e+00
-9.50711e-03,1,2.86800e+01,3.00000e+01,2.86800e+01,0.00000e+00
-9.70146e-03,1,2.87200e+01,3.00000e+01,2.87200e+01,0.00000e+00
-9.90331e-03,1,2.87600e+01,3.00000e+01,2.87600e+01,0.00000e+00
-1.01417e-02,1,2.88000e+01,3.00000e+01,2.88000e+01,0.00000e+00
-1.04834e-02,1,2.88400e+01,3.00000e+01,2.88400e+01,0.00000e+00
-1.08327e-02,1,2.88800e+01,3.00000e+01,2.88800e+01,0.00000e+00
-1.11897e-02,1,2.89200e+01,3.00000e+01,2.89200e+01,0.00000e+00
-1.15542e-02,1,2.89600e+01,3.00000e+01,2.89600e+01,0.00000e+00
-1.19265e-02,1,2.90000e+01,3.00000e+01,2.90000e+01,0.00000e+00
-1.23063e-02,1,2.90400e+01,3.00000e+01,2.90400e+01,0.00000e+00
-1.26938e-02,1,2.90800e+01,3.00000e+01,2.90800e+01,0.00000e+00
-1.30890e-02,1,2.91200e+01,3.00000e+01,2.91200e+01,0.00000e+00
-1.35339e-02,1,2.91600e+01,3.00000e+01,2.91600e+01,0.00000e+00
-1.39865e-02,1,2.92000e+01,3.00000e+01,2.92000e+01,0.00000e+00
-1.45524e-02,1,2.92400e+01,3.00000e+01,2.92400e+01,0.00000e+00
-1.51575e-02,1,2.92800e+01,3.00000e+01,2.92800e+01,0.00000e+00
-1.57699e-02,1,2.93200e+01,3.00000e+01,2.93200e+01,0.00000e+00
-1.63896e-02,1,2.93600e+01,3.00000e+01,2.93600e+01,0.00000e+00
-1.70166e-02,1,2.94000e+01,3.00000e+01,2.94000e+01,0.00000e+00
-1.76509e-02,1,2.94400e+01,3.00000e+01,2.94400e+01,0.00000e+00
-1.82926e-02,1,2.94800e+01,3.00000e+01,2.94800e+01,0.00000e+00
-1.89417e-02,1,2.95200e+01,3.00000e+01,2.95200e+01,0.00000e+00
-1.95981e-02,1,2.95600e+01,3.00000e+01,2.95600e+01,0.00000e+00
-2.02845e-02,1,2.96000e+01,3.00000e+01,2.96000e+01,0.00000e+00
-2.10637e-02,1,2.96400e+01,3.00000e+01,2.96400e+01,0.00000e+00
-2.18489e-02,1,2.96800e+01,3.00000e+01,2.96800e+01,0.00000e+00
-2.26401e-02,1,2.97200e+01,3.00000e+01,2.97200e+01,0.00000e+00
-2.34372e-02,1,2.97600e+01,3.00000e+01,2.97600e+01,0.00000e+00
-2.42403e-02,1,2.98000e+01,3.00000e+01,2.98000e+01,0.00000e+00
-2.50495e-02,1,2.98400e+01,3.00000e+01,2.98400e+01,0.00000e+00
-2.58769e-02,1,2.98800e+01,3.00000e+01,2.98800e+01,0.00000e+00
-2.67570e-02,1,2.99200e+01,3.00000e+01,2.99200e+01,0.00000e+00
-2.76421e-02,1,2.99600e+01,3.00000e+01,2.99600e+01,0.00000e+00
-2.85321e-02,1,3.00000e+01,3.00000e+01,3.00000e+01,0.00000e+00
-2.94607e-02,1,3.00400e+01,3.00000e+01,3.00400e+01,0.00000e+00
-3.03936e-02,1,3.00800e+01,3.00000e+01,3.00800e+01,0.00000e+00
-3.13308e-02,1,3.01200e+01,3.00000e+01,3.01200e+01,0.00000e+00
-3.23066e-02,1,3.01600e+01,3.00000e+01,3.01600e+01,0.00000e+00
-3.32947e-02,1,3.02000e+01,3.00000e+01,3.02000e+01,0.00000e+00
-3.42859e-02,1,3.02400e+01,3.00000e+01,3.02400e+01,0.00000e+00
-3.52804e-02,1,3.02800e+01,3.00000e+01,3.02800e+01,0.00000e+00
-3.62781e-02,1,3.03200e+01,3.00000e+01,3.03200e+01,0.00000e+00
-3.72790e-02,1,3.03600e+01,3.00000e+01,3.03600e+01,0.00000e+00
-3.82831e-02,1,3.04000e+01,3.00000e+01,3.04000e+01,0.00000e+00
-3.93346e-02,1,3.04400e+01,3.00000e+01,3.04400e+01,0.00000e+00
-4.04017e-02,1,3.04800e+01,3.00000e+01,3.04800e+01,0.00000e+00
-4.14667e-02,1,3.05200e+01,3.00000e+01,3.05200e+01,0.00000e+00
-4.25293e-02,1,3.05600e+01,3.00000e+01,3.05600e+01,0.00000e+00
-4.35898e-02,1,3.06000e+01,3.00000e+01,3.06000e+01,0.00000e+00
-4.46480e-02,1,3.06400e+01,3.00000e+01,3.06400e+01,0.00000e+00
-4.57040e-02,1,3.06800e+01,3.00000e+01,3.06800e+01,0.00000e+00
-4.67577e-02,1,3.07200e+01,3.00000e+01,3.07200e+01,0.00000e+00
-4.78092e-02,1,3.07600e+01,3.00000e+01,3.07600e+01,0.00000e+00
-4.88537e-02,1,3.08000e+01,3.00000e+01,3.08000e+01,0.00000e+00
-4.98784e-02,1,3.08400e+01,3.00000e+01,3.08400e+01,0.00000e+00
-5.08979e-02,1,3.08800e+01,3.00000e+01,3.08800e+01,0.00000e+00
-5.19122e-02,1,3.09200e+01,3.00000e+01,3.09200e+01,0.00000e+00
-5.29211e-02,1,3.09600e+01,3.00000e+01,3.09600e+01,0.00000e+00
-5.39249e-02,1,3.10000e+01,3.00000e+01,3.10000e+01,0.00000e+00
-5.49234e-02,1,3.10400e+01,3.00000e+01,3.10400e+01,0.00000e+00
-5.59165e-02,1,3.10800e+01,3.00000e+01,3.10800e+01,0.00000e+00
-5.69044e-02,1,3.11200e+01,3.00000e+01,3.11200e+01,0.00000e+00
-5.78870e-02,1,3.11600e+01,3.00000e+01,3.11600e+01,0.00000e+00
-5.88643e-02,1,3.12000e+01,3.00000e+01,3.12000e+01,0.00000e+00
-5.97564e-02,1,3.12400e+01,3.00000e+01,3.12400e+01,0.00000e+00
-6.06168e-02,1,3.12800e+01,3.00000e+01,3.12800e+01,0.00000e+00
-6.14694e-02,1,3.13200e+01,3.00000e+01,3.13200e+01,0.00000e+00
-6.23143e-02,1,3.13600e+01,3.00000e+01,3.13600e+01,0.00000e+00
-6.31513e-02,1,3.14000e+01,3.00000e+01,3.14000e+01,0.00000e+00
-6.39806e-02,1,3.14400e+01,3.00000e+01,3.14400e+01,0.00000e+00
-6.48021e-02,1,3.14800e+01,3.00000e+01,3.14800e+01,0.00000e+00
-6.56157e-02,1,3.15200e+01,3.00000e+01,3.15200e+01,0.00000e+00
-6.64215e-02,1,3.15600e+01,3.00000e+01,3.15600e+01,0.00000e+00
-6.71885e-02,1,3.16000e+01,3.00000e+01,3.16000e+01,0.00000e+00
-6.78280e-02,1,3.16400e+01,3.00000e+01,3.16400e+01,0.00000e+00
-6.84580e-02,1,3.16800e+01,3.00000e+01,3.16800e+01,0.00000e+00
-6.90786e-02,1,3.17200e+01,3.00000e+01,3.17200e+01,0.00000e+00
-6.96897e-02,1,3.17600e+01,3.00000e+01,3.17600e+01,0.00000e+00
-7.02804e-02,1,3.18000e+01,3.00000e+01,3.18000e+01,0.00000e+00
-7.07881e-02,1,3.18400e+01,3.00000e+01,3.18400e+01,0.00000e+00
-7.12560e-02,1,3.18800e+01,3.00000e+01,3.18800e+01,0.00000e+00
-7.16133e-02,1,3.19200e+01,3.00000e+01,3.19200e+01,0.00000e+00
-7.19548e-02,1,3.19600e+01,3.00000e+01,3.19600e+01,0.00000e+00
-7.22803e-02,1,3.20000e+01,3.00000e+01,3.20000e+01,0.00000e+00
-7.25027e-02,1,3.20400e+01,3.00000e+01,3.20400e+01,0.00000e+00
-7.27089e-02,1,3.20800e+01,3.00000e+01,3.20800e+01,0.00000e+00
-7.28987e-02,1,3.21200e+01,3.00000e+01,3.21200e+01,0.00000e+00
-7.29523e-02,1,3.21600e+01,3.00000e+01,3.21600e+01,0.00000e+00
-7.29580e-02,1,3.22000e+01,3.00000e+01,3.22000e+01,0.00000e+00
-7.29470e-02,1,3.22400e+01,3.00000e+01,3.22400e+01,0.00000e+00
-7.29193e-02,1,3.22800e+01,3.00000e+01,3.22800e+01,0.00000e+00
-7.28748e-02,1,3.23200e+01,3.00000e+01,3.23200e+01,0.00000e+00
-7.28135e-02,1,3.23600e+01,3.00000e+01,3.23600e+01,0.00000e+00
-7.27355e-02,1,3.24000e+01,3.00000e+01,3.24000e+01,0.00000e+00
-7.24227e-02,1,3.24400e+01,3.00000e+01,3.24400e+01,0.00000e+00
-7.20357e-02,1,3.24800e+01,3.00000e+01,3.24800e+01,0.00000e+00
-7.16317e-02,1,3.25200e+01,3.00000e+01,3.25200e+01,0.00000e+00
-7.12106e-02,1,3.25600e+01,3.00000e+01,3.25600e+01,0.00000e+00
-7.07723e-02,1,3.26000e+01,3.00000e+01,3.26000e+01,0.00000e+00
-7.03169e-02,1,3.26400e+01,3.00000e+01,3.26400e+01,0.00000e+00
-6.98442e-02,1,3.26800e+01,3.00000e+01,3.26800e+01,0.00000e+00
-6.93543e-02,1,3.27200e+01,3.00000e+01,3.27200e+01,0.00000e+00
-6.88472e-02,1,3.27600e+01,3.00000e+01,3.27600e+01,0.00000e+00
-6.82384e-02,1,3.28000e+01,3.00000e+01,3.28000e+01,0.00000e+00
-6.73336e-02,1,3.28400e+01,3.00000e+01,3.28400e+01,0.00000e+00
-6.64115e-02,1,3.28800e+01,3.00000e+01,3.28800e+01,0.00000e+00
-6.54721e-02,1,3.29200e+01,3.00000e+01,3.29200e+01,0.00000e+00
-6.45152e-02,1,3.29600e+01,3.00000e+01,3.29600e+01,0.00000e+00
-6.35408e-02,1,3.30000e+01,3.00000e+01,3.30000e+01,0.00000e+00
-6.24782e-02,1,3.30400e+01,3.00000e+01,3.30400e+01,0.00000e+00
-6.13443e-02,1,3.30800e+01,3.00000e+01,3.30800e+01,0.00000e+00
-6.01920e-02,1,3.31200e+01,3.00000e+01,3.31200e+01,0.00000e+00
-5.90211e-02,1,3.31600e+01,3.00000e+01,3.31600e+01,0.00000e+00
-5.78316e-02,1,3.32000e+01,3.00000e+01,3.32000e+01,0.00000e+00
-5.63384e-02,1,3.32400e+01,3.00000e+01,3.32400e+01,0.00000e+00
-5.47421e-02,1,3.32800e+01,3.00000e+01,3.32800e+01,0.00000e+00
-5.31289e-02,1,3.33200e+01,3.00000e+01,3.33200e+01,0.00000e+00
-5.14989e-02,1,3.33600e+01,3.00000e+01,3.33600e+01,0.00000e+00
-4.98522e-02,1,3.34000e+01,3.00000e+01,3.34000e+01,0.00000e+00
-4.81888e-02,1,3.34400e+01,3.00000e+01,3.34400e+01,0.00000e+00
-4.65085e-02,1,3.34800e+01,3.00000e+01,3.34800e+01,0.00000e+00
-4.48113e-02,1,3.35200e+01,3.00000e+01,3.35200e+01,0.00000e+00
-4.30972e-02,1,3.35600e+01,3.00000e+01,3.35600e+01,0.00000e+00
-4.13060e-02,1,3.36000e+01,3.00000e+01,3.36000e+01,0.00000e+00
-3.92673e-02,1,3.36400e+01,3.00000e+01,3.36400e+01,0.00000e+00
-3.72132e-02,1,3.36800e+01,3.00000e+01,3.36800e+01,0.00000e+00
-3.51436e-02,1,3.37200e+01,3.00000e+01,3.37200e+01,0.00000e+00
-3.30586e-02,1,3.37600e+01,3.00000e+01,3.37600e+01,0.00000e+00
-3.09579e-02,1,3.38000e+01,3.00000e+01,3.38000e+01,0.00000e+00
-2.88416e-02,1,3.38400e+01,3.00000e+01,3.38400e+01,0.00000e+00
-2.66756e-02,1,3.38800e+01,3.00000e+01,3.38800e+01,0.00000e+00
-2.43163e-02,1,3.39200e+01,3.00000e+01,3.39200e+01,0.00000e+00
-2.19259e-02,1,3.39600e+01,3.00000e+01,3.39600e+01,0.00000e+00
-1.95233e-02,1,3.40000e+01,3.00000e+01,3.40000e+01,0.00000e+00
-1.70150e-02,1,3.40400e+01,3.00000e+01,3.40400e+01,0.00000e+00
-1.44951e-02,1,3.40800e+01,3.00000e+01,3.40800e+01,0.00000e+00
-1.19638e-02,1,3.41200e+01,3.00000e+01,3.41200e+01,0.00000e+00
-9.31721e-03,1,3.41600e+01,3.00000e+01,3.41600e+01,0.00000e+00
-6.63306e-03,1,3.42000e+01,3.00000e+01,3.42000e+01,0.00000e+00
-3.93828e-03,1,3.42400e+01,3.00000e+01,3.42400e+01,0.00000e+00
-1.23313e-03,1,3.42800e+01,3.00000e+01,3.42800e+01,0.00000e+00
1.50765e-03,1,3.43200e+01,3.00000e+01,3.43200e+01,0.00000e+00
4.26098e-03,1,3.43600e+01,3.00000e+01,3.43600e+01,0.00000e+00
7.02275e-03,1,3.44000e+01,3.00000e+01,3.44000e+01,0.00000e+00
9.91401e-03,1,3.44400e+01,3.00000e+01,3.44400e+01,0.00000e+00
1.28441e-02,1,3.44800e+01,3.00000e+01,3.44800e+01,0.00000e+00
1.57809e-02,1,3.45200e+01,3.00000e+01,3.45200e+01,0.00000e+00
1.87244e-02,1,3.45600e+01,3.00000e+01,3.45600e+01,0.00000e+00
2.16743e-02,1,3.46000e+01,3.00000e+01,3.46000e+01,0.00000e+00
2.46312e-02,1,3.46400e+01,3.00000e+01,3.46400e+01,0.00000e+00
2.75967e-02,1,3.46800e+01,3.00000e+01,3.46800e+01,0.00000e+00
3.05862e-02,1,3.47200e+01,3.00000e+01,3.47200e+01,0.00000e+00
3.35777e-02,1,3.47600e+01,3.00000e+01,3.47600e+01,0.00000e+00
3.65862e-02,1,3.48000e+01,3.00000e+01,3.48000e+01,0.00000e+00
3.96428e-02,1,3.48400e+01,3.00000e+01,3.48400e+01,0.00000e+00
4.26996e-02,1,3.48800e+01,3.00000e+01,3.48800e+01,0.00000e+00
4.57566e-02,1,3.49200e+01,3.00000e+01,3.49200e+01,0.00000e+00
4.88142e-02,1,3.49600e+01,3.00000e+01,3.49600e+01,0.00000e+00
5.18722e-02,1,3.50000e+01,3.00000e+01,3.50000e+01,0.00000e+00
5.49305e-02,1,3.50400e+01,3.00000e+01,3.50400e+01,0.00000e+00
5.79892e-02,1,3.50800e+01,3.00000e+01,3.50800e+01,0.00000e+00
6.10480e-02,1,3.51200e+01,3.00000e+01,3.51200e+01,0.00000e+00
6.41074e-02,1,3.51600e+01,3.00000e+01,3.51600e+01,0.00000e+00
6.71671e-02,1,3.52000e+01,3.00000e+01,3.52000e+01,0.00000e+00
7.01440e-02,1,3.52400e+01,3.00000e+01,3.52400e+01,0.00000e+00
7.30942e-02,1,3.52800e+01,3.00000e+01,3.52800e+01,0.00000e+00
7.60433e-02,1,3.53200e+01,3.00000e+01,3.53200e+01,0.00000e+00
7.89912e-02,1,3.53600e+01,3.00000e+01,3.53600e+01,0.00000e+00
8.19377e-02,1,3.54000e+01,3.00000e+01,3.54000e+01,0.00000e+00
8.48826e-02,1,3.54400e+01,3.00000e+01,3.54400e+01,0.00000e+00
8.78265e-02,1,3.54800e+01,3.00000e+01,3.54800e+01,0.00000e+00
9.07652e-02,1,3.55200e+01,3.00000e+01,3.55200e+01,0.00000e+00
9.36421e-02,1,3.55600e+01,3.00000e+01,3.55600e+01,0.00000e+00
9.64621e-02,1,3.56000e+01,3.00000e+01,3.56000e+01,0.00000e+00
9.90904e-02,1,3.56400e+01,3.00000e+01,3.56400e+01,0.00000e+00
1.01709e-01,1,3.56800e+01,3.00000e+01,3.56800e+01,0.00000e+00
1.04318e-01,1,3.57200e+01,3.00000e+01,3.57200e+01,0.00000e+00
1.06917e-01,1,3.57600e+01,3.00000e+01,3.57600e+01,0.00000e+00
1.09506e-01,1,3.58000e+01,3.00000e+01,3.58000e+01,0.00000e+00
1.12086e-01,1,3.58400e+01,3.00000e+01,3.58400e+01,0.00000e+00
1.14614e-01,1,3.58800e+01,3.00000e+01,3.58800e+01,0.00000e+00
1.16971e-01,1,3.59200e+01,3.00000e+01,3.59200e+01,0.00000e+00
1.19317e-01,1,3.59600e+01,3.00000e+01,3.59600e+01,0.00000e+00
1.21652e-01,1,3.60000e+01,3.00000e+01,3.60000e+01,0.00000e+00
1.23826e-01,1,3.60400e+01,3.00000e+01,3.60400e+01,0.00000e+00
1.25989e-01,1,3.60800e+01,3.00000e+01,3.60800e+01,0.00000e+00
1.28139e-01,1,3.61200e+01,3.00000e+01,3.61200e+01,0.00000e+00
1.30072e-01,1,3.61600e+01,3.00000e+01,3.61600e+01,0.00000e+00
1.31937e-01,1,3.62000e+01,3.00000e+01,3.62000e+01,0.00000e+00
1.33789e-01,1,3.62400e+01,3.00000e+01,3.62400e+01,0.00000e+00
1.35627e-01,1,3.62800e+01,3.00000e+01,3.62800e+01,0.00000e+00
1.37453e-01,1,3.63200e+01,3.00000e+01,3.63200e+01,0.00000e+00
1.39265e-01,1,3.63600e+01,3.00000e+01,3.63600e+01,0.00000e+00
1.41064e-01,1,3.64000e+01,3.00000e+01,3.64000e+01,0.00000e+00
1.42478e-01,1,3.64400e+01,3.00000e+01,3.64400e+01,0.00000e+00
1.43778e-01,1,3.64800e+01,3.00000e+01,3.64800e+01,0.00000e+00
1.45060e-01,1,3.65200e+01,3.00000e+01,3.65200e+01,0.00000e+00
1.46324e-01,1,3.65600e+01,3.00000e+01,3.65600e+01,0.00000e+00
1.47569e-01,1,3.66000e+01,3.00000e+01,3.66000e+01,0.00000e+00
1.48797e-01,1,3.66400e+01,3.00000e+01,3.66400e+01,0.00000e+00
1.49834e-01,1,3.66800e+01,3.00000e+01,3.66800e+01,0.00000e+00
1.50855e-01,1,3.67200e+01,3.00000e+01,3.67200e+01,0.00000e+00
1.51857e-01,1,3.67600e+01,3.00000e+01,3.67600e+01,0.00000e+00
1.52716e-01,1,3.68000e+01,3.00000e+01,3.68000e+01,0.00000e+00
1.53147e-01,1,3.68400e+01,3.00000e+01,3.68400e+01,0.00000e+00
1.53555e-01,1,3.68800e+01,3.00000e+01,3.68800e+01,0.00000e+00
1.53940e-01,1,3.69200e+01,3.00000e+01,3.69200e+01,0.00000e+00
1.54302e-01,1,3.69600e+01,3.00000e+01,3.69600e+01,0.00000e+00
1.54640e-01,1,3.70000e+01,3.00000e+01,3.70000e+01,0.00000e+00
1.54956e-01,1,3.70400e+01,3.00000e+01,3.70400e+01,0.00000e+00
1.55247e-01,1,3.70800e+01,3.00000e+01,3.70800e+01,0.00000e+00
1.55516e-01,1,3.71200e+01,3.00000e+01,3.71200e+01,0.00000e+00
1.55761e-01,1,3.71600e+01,3.00000e+01,3.71600e+01,0.00000e+00
1.55983e-01,1,3.72000e+01,3.00000e+01,3.72000e+01,0.00000e+00
1.55897e-01,1,3.72400e+01,3.00000e+01,3.72400e+01,0.00000e+00
1.55695e-01,1,3.72800e+01,3.00000e+01,3.72800e+01,0.00000e+00
1.55463e-01,1,3.73200e+01,3.00000e+01,3.73200e+01,0.00000e+00
1.55200e-01,1,3.73600e+01,3.00000e+01,3.73600e+01,0.00000e+00
1.54907e-01,1,3.74000e+01,3.00000e+01,3.74000e+01,0.00000e+00
1.54583e-01,1,3.74400e+01,3.00000e+01,3.74400e+01,0.00000e+00
1.54229e-01,1,3.74800e+01,3.00000e+01,3.74800e+01,0.00000e+00
1.53844e-01,1,3.75200e+01,3.00000e+01,3.75200e+01,0.00000e+00
1.53429e-01,1,3.75600e+01,3.00000e+01,3.75600e+01,0.00000e+00
1.52960e-01,1,3.76000e+01,3.00000e+01,3.76000e+01,0.00000e+00
1.52369e-01,1,3.76400e+01,3.00000e+01,3.76400e+01,0.00000e+00
1.51742e-01,1,3.76800e+01,3.00000e+01,3.76800e+01,0.00000e+00
1.51077e-01,1,3.77200e+01,3.00000e+01,3.77200e+01,0.00000e+00
1.50376e-01,1,3.77600e+01,3.00000e+01,3.77600e+01,0.00000e+00
1.49636e-01,1,3.78000e+01,3.00000e+01,3.78000e+01,0.00000e+00
1.48844e-01,1,3.78400e+01,3.00000e+01,3.78400e+01,0.00000e+00
1.47934e-01,1,3.78800e+01,3.00000e+01,3.78800e+01,0.00000e+00
1.47019e-01,1,3.79200e+01,3.00000e+01,3.79200e+01,0.00000e+00
1.46073e-01,1,3.79600e+01,3.00000e+01,3.79600e+01,0.00000e+00
1.45096e-01,1,3.80000e+01,3.00000e+01,3.80000e+01,0.00000e+00
1.44143e-01,1,3.80400e+01,3.00000e+01,3.80400e+01,0.00000e+00
1.43163e-01,1,3.80800e+01,3.00000e+01,3.80800e+01,0.00000e+00
1.42234e-01,1,3.81200e+01,3.00000e+01,3.81200e+01,0.00000e+00
1.41269e-01,1,3.81600e+01,3.00000e+01,3.81600e+01,0.00000e+00
1.40271e-01,1,3.82000e+01,3.00000e+01,3.82000e+01,0.00000e+00
1.39237e-01,1,3.82400e+01,3.00000e+01,3.82400e+01,0.00000e+00
1.38345e-01,1,3.82800e+01,3.00000e+01,3.82800e+01,0.00000e+00
1.37443e-01,1,3.83200e+01,3.00000e+01,3.83200e+01,0.00000e+00
1.36503e-01,1,3.83600e+01,3.00000e+01,3.83600e+01,0.00000e+00
1.35527e-01,1,3.84000e+01,3.00000e+01,3.84000e+01,0.00000e+00
1.34514e-01,1,3.84400e+01,3.00000e+01,3.84400e+01,0.00000e+00
1.33502e-01,1,3.84800e+01,3.00000e+01,3.84800e+01,0.00000e+00
1.32686e-01,1,3.85200e+01,3.00000e+01,3.85200e+01,0.00000e+00
1.31833e-01,1,3.85600e+01,3.00000e+01,3.85600e+01,0.00000e+00
1.30942e-01,1,3.86000e+01,3.00000e+01,3.86000e+01,0.00000e+00
1.30013e-01,1,3.86400e+01,3.00000e+01,3.86400e+01,0.00000e+00
1.29047e-01,1,3.86800e+01,3.00000e+01,3.86800e+01,0.00000e+00
1.28043e-01,1,3.87200e+01,3.00000e+01,3.87200e+01,0.00000e+00
1.27244e-01,1,3.87600e+01,3.00000e+01,3.87600e+01,0.00000e+00
1.26449e-01,1,3.88000e+01,3.00000e+01,3.88000e+01,0.00000e+00
1.25617e-01,1,3.88400e+01,3.00000e+01,3.88400e+01,0.00000e+00
1.24750e-01,1,3.88800e+01,3.00000e+01,3.88800e+01,0.00000e+00
1.23863e-01,1,3.89200e+01,3.00000e+01,3.89200e+01,0.00000e+00
1.22999e-01,1,3.89600e+01,3.00000e+01,3.89600e+01,0.00000e+00
1.22421e-01,1,3.90000e+01,3.00000e+01,3.90000e+01,0.00000e+00
1.21812e-01,1,3.90400e+01,3.00000e+01,3.90400e+01,0.00000e+00
1.21174e-01,1,3.90800e+01,3.00000e+01,3.90800e+01,0.00000e+00
1.20505e-01,1,3.91200e+01,3.00000e+01,3.91200e+01,0.00000e+00
1.20126e-01,1,3.91600e+01,3.00000e+01,3.91600e+01,0.00000e+00
1.19742e-01,1,3.92000e+01,3.00000e+01,3.92000e+01,0.00000e+00
1.19515e-01,1,3.92400e+01,3.00000e+01,3.92400e+01,0.00000e+00
1.19358e-01,1,3.92800e+01,3.00000e+01,3.92800e+01,0.00000e+00
1.19204e-01,1,3.93200e+01,3.00000e+01,3.93200e+01,0.00000e+00
1.19010e-01,1,3.93600e+01,3.00000e+01,3.93600e+01,0.00000e+00
1.18340e-01,1,3.94000e+01,3.00000e+01,3.94000e+01,0.00000e+00
1.17588e-01,1,3.94400e+01,3.00000e+01,3.94400e+01,0.00000e+00
1.16792e-01,1,3.94800e+01,3.00000e+01,3.94800e+01,0.00000e+00
1.15623e-01,1,3.95200e+01,3.00000e+01,3.95200e+01,0.00000e+00
1.11203e-01,1,3.95600e+01,3.00000e+01,3.95600e+01,0.00000e+00
1.06777e-01,1,3.96000e+01,3.00000e+01,3.96000e+01,0.00000e+00
1.02346e-01,1,3.96400e+01,3.00000e+01,3.96400e+01,0.00000e+00
9.79499e-02,1,3.96800e+01,3.00000e+01,3.96800e+01,0.00000e+00
8.69094e-02,1,3.97200e+01,3.00000e+01,3.97200e+01,0.00000e+00
7.53171e-02,1,3.97600e+01,3.00000e+01,3.97600e+01,0.00000e+00
6.38614e-02,1,3.98000e+01,3.00000e+01,3.98000e+01,0.00000e+00
5.22216e-02,1,3.98400e+01,3.00000e+01,3.98400e+01,0.00000e+00
3.72508e-02,1,3.98800e+01,3.00000e+01,3.98800e+01,0.00000e+00
2.25855e-02,1,3.99200e+01,3.00000e+01,3.99200e+01,0.00000e+00
9.49861e-03,1,3.99600e+01,3.00000e+01,3.99600e+01,0.00000e+00
0.00000e+00,1,4.00000e+01,3.00000e+01,4.00000e+01,0.00000e+00
