p,U:0,U:1,U:2,vtkValidPointMask,arc_length,Points:0,Points:1,Points:2
1.84972e-07,-2.37955e-07,-9.75140e-08,8.34033e-25,1,1.80009e-02,4.83926e-01,1.29410e-01,1.80000e-04
1.89896e-07,-2.47008e-07,-9.86229e-08,7.94948e-25,1,1.90009e-02,4.84926e-01,1.29410e-01,1.90000e-04
1.94819e-07,-2.56061e-07,-9.97319e-08,7.55862e-25,1,2.00010e-02,4.85926e-01,1.29410e-01,2.00000e-04
1.99743e-07,-2.65114e-07,-1.00841e-07,7.16778e-25,1,2.10010e-02,4.86926e-01,1.29410e-01,2.10000e-04
2.04667e-07,-2.74167e-07,-1.01950e-07,6.77692e-25,1,2.20011e-02,4.87926e-01,1.29410e-01,2.20000e-04
2.09591e-07,-2.83220e-07,-1.03059e-07,6.38607e-25,1,2.30012e-02,4.88926e-01,1.29410e-01,2.30000e-04
2.14515e-07,-2.92273e-07,-1.04168e-07,5.99523e-25,1,2.40012e-02,4.89926e-01,1.29410e-01,2.40000e-04
2.19438e-07,-3.01326e-07,-1.05277e-07,5.60437e-25,1,2.50013e-02,4.90926e-01,1.29410e-01,2.50000e-04
2.24362e-07,-3.10378e-07,-1.06385e-07,5.21352e-25,1,2.60013e-02,4.91926e-01,1.29410e-01,2.60000e-04
2.29286e-07,-3.19431e-07,-1.07494e-07,4.82266e-25,1,2.70014e-02,4.92926e-01,1.29410e-01,2.70000e-04
2.34210e-07,-3.28484e-07,-1.08603e-07,4.43182e-25,1,2.80014e-02,4.93926e-01,1.29410e-01,2.80000e-04
2.39134e-07,-3.37537e-07,-1.09712e-07,4.04096e-25,1,2.90015e-02,4.94926e-01,1.29410e-01,2.90000e-04
2.45928e-07,-3.40201e-07,-1.06368e-07,3.69312e-25,1,3.00015e-02,4.95926e-01,1.29410e-01,3.00000e-04
2.54894e-07,-3.35452e-07,-9.78562e-08,3.39518e-25,1,3.10015e-02,4.96926e-01,1.29410e-01,3.10000e-04
2.63860e-07,-3.30702e-07,-8.93442e-08,3.09724e-25,1,3.20016e-02,4.97926e-01,1.29410e-01,3.20000e-04
2.72826e-07,-3.25953e-07,-8.08325e-08,2.79930e-25,1,3.30016e-02,4.98926e-01,1.29410e-01,3.30000e-04
2.81792e-07,-3.21203e-07,-7.23206e-08,2.50136e-25,1,3.40017e-02,4.99926e-01,1.29410e-01,3.40000e-04
2.90758e-07,-3.16453e-07,-6.38086e-08,2.20341e-25,1,3.50018e-02,5.00926e-01,1.29410e-01,3.50000e-04
2.99724e-07,-3.11704e-07,-5.52969e-08,1.90547e-25,1,3.60018e-02,5.01926e-01,1.29410e-01,3.60000e-04
3.08690e-07,-3.06955e-07,-4.67852e-08,1.60754e-25,1,3.70019e-02,5.02926e-01,1.29410e-01,3.70000e-04
3.17656e-07,-3.02205e-07,-3.82735e-08,1.30960e-25,1,3.80019e-02,5.03926e-01,1.29410e-01,3.80000e-04
3.26622e-07,-2.97456e-07,-2.97618e-08,1.01167e-25,1,3.90019e-02,5.04926e-01,1.29410e-01,3.90000e-04
3.35588e-07,-2.92706e-07,-2.12496e-08,7.13713e-26,1,4.00020e-02,5.05926e-01,1.29410e-01,4.00000e-04
3.44554e-07,-2.87957e-07,-1.27379e-08,4.15777e-26,1,4.10021e-02,5.06926e-01,1.29410e-01,4.10000e-04
3.53520e-07,-2.83207e-07,-4.22623e-09,1.17840e-26,1,4.20021e-02,5.07926e-01,1.29410e-01,4.20000e-04
3.60675e-07,-2.21719e-07,3.56068e-08,1.72197e-26,1,4.30021e-02,5.08926e-01,1.29410e-01,4.30000e-04
3.67761e-07,-1.58039e-07,7.66502e-08,2.40144e-26,1,4.40022e-02,5.09926e-01,1.29410e-01,4.40000e-04
3.74846e-07,-9.43626e-08,1.17691e-07,3.08088e-26,1,4.50023e-02,5.10926e-01,1.29410e-01,4.50000e-04
3.81931e-07,-3.06863e-08,1.58732e-07,3.76031e-26,1,4.60023e-02,5.11926e-01,1.29410e-01,4.60000e-04
3.89017e-07,3.29900e-08,1.99773e-07,4.43974e-26,1,4.70023e-02,5.12926e-01,1.29410e-01,4.70000e-04
3.96102e-07,9.66664e-08,2.40814e-07,5.11918e-26,1,4.80024e-02,5.13926e-01,1.29410e-01,4.80000e-04
4.03188e-07,1.60346e-07,2.81858e-07,5.79865e-26,1,4.90025e-02,5.14926e-01,1.29410e-01,4.90000e-04
4.10273e-07,2.24023e-07,3.22899e-07,6.47808e-26,1,5.00025e-02,5.15926e-01,1.29410e-01,5.00000e-04
4.17358e-07,2.87699e-07,3.63940e-07,7.15752e-26,1,5.10025e-02,5.16926e-01,1.29410e-01,5.10000e-04
4.24444e-07,3.51375e-07,4.04981e-07,7.83695e-26,1,5.20026e-02,5.17926e-01,1.29410e-01,5.20000e-04
4.31529e-07,4.15052e-07,4.46022e-07,8.51638e-26,1,5.30026e-02,5.18926e-01,1.29410e-01,5.30000e-04
4.38615e-07,4.78732e-07,4.87065e-07,9.19586e-26,1,5.40027e-02,5.19926e-01,1.29410e-01,5.40000e-04
4.44517e-07,5.81773e-07,5.53417e-07,9.27945e-26,1,5.50028e-02,5.20926e-01,1.29410e-01,5.50000e-04
4.49048e-07,7.30490e-07,6.49137e-07,8.67168e-26,1,5.60028e-02,5.21926e-01,1.29410e-01,5.60000e-04
4.53578e-07,8.79206e-07,7.44857e-07,8.06391e-26,1,5.70028e-02,5.22926e-01,1.29410e-01,5.70000e-04
4.58109e-07,1.02793e-06,8.40582e-07,7.45611e-26,1,5.80029e-02,5.23926e-01,1.29410e-01,5.80000e-04
4.62639e-07,1.17665e-06,9.36302e-07,6.84834e-26,1,5.90030e-02,5.24926e-01,1.29410e-01,5.90000e-04
4.67170e-07,1.32536e-06,1.03202e-06,6.24057e-26,1,6.00030e-02,5.25926e-01,1.29410e-01,6.00000e-04
4.71700e-07,1.47408e-06,1.12774e-06,5.63281e-26,1,6.10030e-02,5.26926e-01,1.29410e-01,6.10000e-04
4.76231e-07,1.62280e-06,1.22346e-06,5.02504e-26,1,6.20031e-02,5.27926e-01,1.29410e-01,6.20000e-04
4.80762e-07,1.77152e-06,1.31919e-06,4.41723e-26,1,6.30032e-02,5.28926e-01,1.29410e-01,6.30000e-04
4.85292e-07,1.92024e-06,1.41491e-06,3.80947e-26,1,6.40032e-02,5.29926e-01,1.29410e-01,6.40000e-04
4.89822e-07,2.06896e-06,1.51063e-06,3.20170e-26,1,6.50032e-02,5.30926e-01,1.29410e-01,6.50000e-04
4.94353e-07,2.21767e-06,1.60635e-06,2.59393e-26,1,6.60033e-02,5.31926e-01,1.29410e-01,6.60000e-04
4.98883e-07,2.36639e-06,1.70207e-06,1.98616e-26,1,6.70033e-02,5.32926e-01,1.29410e-01,6.70000e-04
4.99667e-07,2.61927e-06,1.87033e-06,1.15423e-26,1,6.80034e-02,5.33926e-01,1.29410e-01,6.80000e-04
5.00306e-07,2.87614e-06,2.04138e-06,3.13710e-27,1,6.90035e-02,5.34926e-01,1.29410e-01,6.90000e-04
5.00945e-07,3.13302e-06,2.21242e-06,-5.26813e-27,1,7.00035e-02,5.35926e-01,1.29410e-01,7.00000e-04
5.01584e-07,3.38990e-06,2.38347e-06,-1.36734e-26,1,7.10035e-02,5.36926e-01,1.29410e-01,7.10000e-04
5.02223e-07,3.64679e-06,2.55453e-06,-2.20791e-26,1,7.20036e-02,5.37926e-01,1.29410e-01,7.20000e-04
5.02862e-07,3.90366e-06,2.72558e-06,-3.04843e-26,1,7.30037e-02,5.38926e-01,1.29410e-01,7.30000e-04
5.03501e-07,4.16054e-06,2.89662e-06,-3.88895e-26,1,7.40037e-02,5.39926e-01,1.29410e-01,7.40000e-04
5.04139e-07,4.41742e-06,3.06767e-06,-4.72947e-26,1,7.50037e-02,5.40926e-01,1.29410e-01,7.50000e-04
5.04778e-07,4.67429e-06,3.23872e-06,-5.57000e-26,1,7.60038e-02,5.41926e-01,1.29410e-01,7.60000e-04
5.05417e-07,4.93119e-06,3.40977e-06,-6.41057e-26,1,7.70039e-02,5.42926e-01,1.29410e-01,7.70000e-04
5.06056e-07,5.18806e-06,3.58082e-06,-7.25109e-26,1,7.80039e-02,5.43926e-01,1.29410e-01,7.80000e-04
5.06695e-07,5.44494e-06,3.75187e-06,-8.09161e-26,1,7.90039e-02,5.44926e-01,1.29410e-01,7.90000e-04
5.04813e-07,5.75884e-06,3.96464e-06,-9.04493e-26,1,8.00040e-02,5.45926e-01,1.29410e-01,8.00000e-04
5.00004e-07,6.13891e-06,4.22582e-06,-1.01291e-25,1,8.10040e-02,5.46926e-01,1.29410e-01,8.10000e-04
4.95196e-07,6.51900e-06,4.48702e-06,-1.12134e-25,1,8.20041e-02,5.47926e-01,1.29410e-01,8.20000e-04
4.90387e-07,6.89907e-06,4.74821e-06,-1.22976e-25,1,8.30042e-02,5.48926e-01,1.29410e-01,8.30000e-04
4.85579e-07,7.27914e-06,5.00939e-06,-1.33818e-25,1,8.40042e-02,5.49926e-01,1.29410e-01,8.40000e-04
4.80771e-07,7.65921e-06,5.27057e-06,-1.44660e-25,1,8.50042e-02,5.50926e-01,1.29410e-01,8.50000e-04
4.75962e-07,8.03930e-06,5.53177e-06,-1.55502e-25,1,8.60043e-02,5.51926e-01,1.29410e-01,8.60000e-04
4.71154e-07,8.41937e-06,5.79296e-06,-1.66344e-25,1,8.70044e-02,5.52926e-01,1.29410e-01,8.70000e-04
4.66345e-07,8.79944e-06,6.05414e-06,-1.77186e-25,1,8.80044e-02,5.53926e-01,1.29410e-01,8.80000e-04
4.61537e-07,9.17951e-06,6.31532e-06,-1.88028e-25,1,8.90044e-02,5.54926e-01,1.29410e-01,8.90000e-04
4.56729e-07,9.55958e-06,6.57651e-06,-1.98870e-25,1,9.00045e-02,5.55926e-01,1.29410e-01,9.00000e-04
4.51920e-07,9.93967e-06,6.83771e-06,-2.09713e-25,1,9.10046e-02,5.56926e-01,1.29410e-01,9.10000e-04
4.47112e-07,1.03197e-05,7.09889e-06,-2.20555e-25,1,9.20046e-02,5.57926e-01,1.29410e-01,9.20000e-04
4.35593e-07,1.08195e-05,7.44897e-06,-2.33597e-25,1,9.30046e-02,5.58926e-01,1.29410e-01,9.30000e-04
4.23816e-07,1.13239e-05,7.80247e-06,-2.46723e-25,1,9.40047e-02,5.59926e-01,1.29410e-01,9.40000e-04
4.12038e-07,1.18284e-05,8.15600e-06,-2.59850e-25,1,9.50048e-02,5.60926e-01,1.29410e-01,9.50000e-04
4.00262e-07,1.23328e-05,8.50950e-06,-2.72977e-25,1,9.60048e-02,5.61926e-01,1.29410e-01,9.60000e-04
3.88485e-07,1.28372e-05,8.86301e-06,-2.86103e-25,1,9.70049e-02,5.62926e-01,1.29410e-01,9.70000e-04
3.76708e-07,1.33416e-05,9.21651e-06,-2.99230e-25,1,9.80049e-02,5.63926e-01,1.29410e-01,9.80000e-04
3.64931e-07,1.38460e-05,9.57001e-06,-3.12356e-25,1,9.90049e-02,5.64926e-01,1.29410e-01,9.90000e-04
3.53153e-07,1.43505e-05,9.92354e-06,-3.25483e-25,1,1.00005e-01,5.65926e-01,1.29410e-01,1.00000e-03
3.41376e-07,1.48549e-05,1.02770e-05,-3.38610e-25,1,1.01005e-01,5.66926e-01,1.29410e-01,1.01000e-03
3.29599e-07,1.53593e-05,1.06305e-05,-3.51736e-25,1,1.02005e-01,5.67926e-01,1.29410e-01,1.02000e-03
3.17822e-07,1.58637e-05,1.09840e-05,-3.64863e-25,1,1.03005e-01,5.68926e-01,1.29410e-01,1.03000e-03
3.06045e-07,1.63681e-05,1.13376e-05,-3.77989e-25,1,1.04005e-01,5.69926e-01,1.29410e-01,1.04000e-03
2.90381e-07,1.69213e-05,1.17248e-05,-3.91982e-25,1,1.05005e-01,5.70926e-01,1.29410e-01,1.05000e-03
2.70207e-07,1.75311e-05,1.21513e-05,-4.06978e-25,1,1.06005e-01,5.71926e-01,1.29410e-01,1.06000e-03
2.50033e-07,1.81409e-05,1.25777e-05,-4.21974e-25,1,1.07005e-01,5.72926e-01,1.29410e-01,1.07000e-03
2.29860e-07,1.87507e-05,1.30041e-05,-4.36970e-25,1,1.08005e-01,5.73926e-01,1.29410e-01,1.08000e-03
2.09685e-07,1.93605e-05,1.34305e-05,-4.51967e-25,1,1.09005e-01,5.74926e-01,1.29410e-01,1.09000e-03
1.89511e-07,1.99702e-05,1.38570e-05,-4.66963e-25,1,1.10006e-01,5.75926e-01,1.29410e-01,1.10000e-03
1.69337e-07,2.05800e-05,1.42834e-05,-4.81959e-25,1,1.11006e-01,5.76926e-01,1.29410e-01,1.11000e-03
1.49163e-07,2.11898e-05,1.47098e-05,-4.96955e-25,1,1.12006e-01,5.77926e-01,1.29410e-01,1.12000e-03
1.28990e-07,2.17996e-05,1.51362e-05,-5.11951e-25,1,1.13006e-01,5.78926e-01,1.29410e-01,1.13000e-03
1.08815e-07,2.24094e-05,1.55627e-05,-5.26947e-25,1,1.14006e-01,5.79926e-01,1.29410e-01,1.14000e-03
8.86411e-08,2.30192e-05,1.59891e-05,-5.41943e-25,1,1.15006e-01,5.80926e-01,1.29410e-01,1.15000e-03
6.84674e-08,2.36290e-05,1.64155e-05,-5.56939e-25,1,1.16006e-01,5.81926e-01,1.29410e-01,1.16000e-03
4.82936e-08,2.42387e-05,1.68419e-05,-5.71935e-25,1,1.17006e-01,5.82926e-01,1.29410e-01,1.17000e-03
1.89337e-08,2.49064e-05,1.72885e-05,-5.87754e-25,1,1.18006e-01,5.83926e-01,1.29410e-01,1.18000e-03
-1.07822e-08,2.55763e-05,1.77359e-05,-6.03604e-25,1,1.19006e-01,5.84926e-01,1.29410e-01,1.19000e-03
-4.04964e-08,2.62462e-05,1.81833e-05,-6.19454e-25,1,1.20006e-01,5.85926e-01,1.29410e-01,1.20000e-03
-7.02106e-08,2.69161e-05,1.86306e-05,-6.35304e-25,1,1.21006e-01,5.86926e-01,1.29410e-01,1.21000e-03
-9.99248e-08,2.75860e-05,1.90780e-05,-6.51154e-25,1,1.22006e-01,5.87926e-01,1.29410e-01,1.22000e-03
-1.29641e-07,2.82560e-05,1.95254e-05,-6.67005e-25,1,1.23006e-01,5.88926e-01,1.29410e-01,1.23000e-03
-1.59355e-07,2.89259e-05,1.99727e-05,-6.82855e-25,1,1.24006e-01,5.89926e-01,1.29410e-01,1.24000e-03
-1.89069e-07,2.95958e-05,2.04201e-05,-6.98705e-25,1,1.25006e-01,5.90926e-01,1.29410e-01,1.25000e-03
-2.18783e-07,3.02657e-05,2.08675e-05,-7.14555e-25,1,1.26006e-01,5.91926e-01,1.29410e-01,1.26000e-03
-2.48498e-07,3.09356e-05,2.13148e-05,-7.30405e-25,1,1.27006e-01,5.92926e-01,1.29410e-01,1.27000e-03
-2.78214e-07,3.16055e-05,2.17622e-05,-7.46255e-25,1,1.28006e-01,5.93926e-01,1.29410e-01,1.28000e-03
-3.07928e-07,3.22754e-05,2.22096e-05,-7.62105e-25,1,1.29006e-01,5.94926e-01,1.29410e-01,1.29000e-03
-3.42264e-07,3.29376e-05,2.26217e-05,-7.77555e-25,1,1.30006e-01,5.95926e-01,1.29410e-01,1.30000e-03
-3.81964e-07,3.35909e-05,2.29929e-05,-7.92539e-25,1,1.31007e-01,5.96926e-01,1.29410e-01,1.31000e-03
-4.21667e-07,3.42442e-05,2.33641e-05,-8.07524e-25,1,1.32007e-01,5.97926e-01,1.29410e-01,1.32000e-03
-4.61367e-07,3.48975e-05,2.37354e-05,-8.22509e-25,1,1.33007e-01,5.98926e-01,1.29410e-01,1.33000e-03
-5.01067e-07,3.55508e-05,2.41066e-05,-8.37493e-25,1,1.34007e-01,5.99926e-01,1.29410e-01,1.34000e-03
-5.40767e-07,3.62040e-05,2.44778e-05,-8.52478e-25,1,1.35007e-01,6.00926e-01,1.29410e-01,1.35000e-03
-5.80468e-07,3.68573e-05,2.48490e-05,-8.67462e-25,1,1.36007e-01,6.01926e-01,1.29410e-01,1.36000e-03
-6.20170e-07,3.75106e-05,2.52202e-05,-8.82447e-25,1,1.37007e-01,6.02926e-01,1.29410e-01,1.37000e-03
-6.59870e-07,3.81639e-05,2.55914e-05,-8.97432e-25,1,1.38007e-01,6.03926e-01,1.29410e-01,1.38000e-03
-6.99570e-07,3.88172e-05,2.59626e-05,-9.12416e-25,1,1.39007e-01,6.04926e-01,1.29410e-01,1.39000e-03
-7.39270e-07,3.94704e-05,2.63339e-05,-9.27401e-25,1,1.40007e-01,6.05926e-01,1.29410e-01,1.40000e-03
-7.78971e-07,4.01237e-05,2.67051e-05,-9.42385e-25,1,1.41007e-01,6.06926e-01,1.29410e-01,1.41000e-03
-8.18673e-07,4.07770e-05,2.70763e-05,-9.57370e-25,1,1.42007e-01,6.07926e-01,1.29410e-01,1.42000e-03
-8.67335e-07,4.13064e-05,2.72246e-05,-9.69621e-25,1,1.43007e-01,6.08926e-01,1.29410e-01,1.43000e-03
-9.16341e-07,4.18310e-05,2.73643e-05,-9.81766e-25,1,1.44007e-01,6.09926e-01,1.29410e-01,1.44000e-03
-9.65348e-07,4.23556e-05,2.75040e-05,-9.93911e-25,1,1.45007e-01,6.10926e-01,1.29410e-01,1.45000e-03
-1.01436e-06,4.28802e-05,2.76438e-05,-1.00606e-24,1,1.46007e-01,6.11926e-01,1.29410e-01,1.46000e-03
-1.06336e-06,4.34049e-05,2.77835e-05,-1.01820e-24,1,1.47007e-01,6.12926e-01,1.29410e-01,1.47000e-03
-1.11237e-06,4.39295e-05,2.79232e-05,-1.03035e-24,1,1.48007e-01,6.13926e-01,1.29410e-01,1.48000e-03
-1.16138e-06,4.44541e-05,2.80629e-05,-1.04249e-24,1,1.49007e-01,6.14926e-01,1.29410e-01,1.49000e-03
-1.21038e-06,4.49787e-05,2.82027e-05,-1.05464e-24,1,1.50007e-01,6.15926e-01,1.29410e-01,1.50000e-03
-1.25939e-06,4.55033e-05,2.83424e-05,-1.06678e-24,1,1.51008e-01,6.16926e-01,1.29410e-01,1.51000e-03
-1.30840e-06,4.60279e-05,2.84821e-05,-1.07893e-24,1,1.52008e-01,6.17926e-01,1.29410e-01,1.52000e-03
-1.35741e-06,4.65525e-05,2.86218e-05,-1.09107e-24,1,1.53008e-01,6.18926e-01,1.29410e-01,1.53000e-03
-1.40641e-06,4.70772e-05,2.87616e-05,-1.10322e-24,1,1.54008e-01,6.19926e-01,1.29410e-01,1.54000e-03
-1.45885e-06,4.74731e-05,2.86895e-05,-1.11335e-24,1,1.55008e-01,6.20926e-01,1.29410e-01,1.55000e-03
-1.51526e-06,4.77199e-05,2.83717e-05,-1.12114e-24,1,1.56008e-01,6.21926e-01,1.29410e-01,1.56000e-03
-1.57168e-06,4.79666e-05,2.80538e-05,-1.12894e-24,1,1.57008e-01,6.22926e-01,1.29410e-01,1.57000e-03
-1.62809e-06,4.82134e-05,2.77360e-05,-1.13674e-24,1,1.58008e-01,6.23926e-01,1.29410e-01,1.58000e-03
-1.68450e-06,4.84601e-05,2.74182e-05,-1.14453e-24,1,1.59008e-01,6.24926e-01,1.29410e-01,1.59000e-03
-1.74092e-06,4.87068e-05,2.71004e-05,-1.15233e-24,1,1.60008e-01,6.25926e-01,1.29410e-01,1.60000e-03
-1.79733e-06,4.89536e-05,2.67826e-05,-1.16012e-24,1,1.61008e-01,6.26926e-01,1.29410e-01,1.61000e-03
-1.85374e-06,4.92003e-05,2.64647e-05,-1.16792e-24,1,1.62008e-01,6.27926e-01,1.29410e-01,1.62000e-03
-1.91015e-06,4.94470e-05,2.61469e-05,-1.17572e-24,1,1.63008e-01,6.28926e-01,1.29410e-01,1.63000e-03
-1.96657e-06,4.96938e-05,2.58291e-05,-1.18351e-24,1,1.64008e-01,6.29926e-01,1.29410e-01,1.64000e-03
-2.02298e-06,4.99405e-05,2.55113e-05,-1.19131e-24,1,1.65008e-01,6.30926e-01,1.29410e-01,1.65000e-03
-2.07940e-06,5.01873e-05,2.51935e-05,-1.19910e-24,1,1.66008e-01,6.31926e-01,1.29410e-01,1.66000e-03
-2.13581e-06,5.04340e-05,2.48756e-05,-1.20690e-24,1,1.67008e-01,6.32926e-01,1.29410e-01,1.67000e-03
-2.19668e-06,5.02345e-05,2.38211e-05,-1.20968e-24,1,1.68008e-01,6.33926e-01,1.29410e-01,1.68000e-03
-2.25772e-06,5.00178e-05,2.27381e-05,-1.21227e-24,1,1.69008e-01,6.34926e-01,1.29410e-01,1.69000e-03
-2.31876e-06,4.98012e-05,2.16552e-05,-1.21486e-24,1,1.70009e-01,6.35926e-01,1.29410e-01,1.70000e-03
-2.37980e-06,4.95845e-05,2.05723e-05,-1.21745e-24,1,1.71009e-01,6.36926e-01,1.29410e-01,1.71000e-03
-2.44084e-06,4.93678e-05,1.94894e-05,-1.22004e-24,1,1.72009e-01,6.37926e-01,1.29410e-01,1.72000e-03
-2.50188e-06,4.91511e-05,1.84064e-05,-1.22263e-24,1,1.73009e-01,6.38926e-01,1.29410e-01,1.73000e-03
-2.56293e-06,4.89345e-05,1.73234e-05,-1.22522e-24,1,1.74009e-01,6.39926e-01,1.29410e-01,1.74000e-03
-2.62397e-06,4.87178e-05,1.62405e-05,-1.22781e-24,1,1.75009e-01,6.40926e-01,1.29410e-01,1.75000e-03
-2.68501e-06,4.85011e-05,1.51576e-05,-1.23040e-24,1,1.76009e-01,6.41926e-01,1.29410e-01,1.76000e-03
-2.74605e-06,4.82844e-05,1.40747e-05,-1.23299e-24,1,1.77009e-01,6.42926e-01,1.29410e-01,1.77000e-03
-2.80709e-06,4.80678e-05,1.29917e-05,-1.23558e-24,1,1.78009e-01,6.43926e-01,1.29410e-01,1.78000e-03
-2.86814e-06,4.78511e-05,1.19087e-05,-1.23817e-24,1,1.79009e-01,6.44926e-01,1.29410e-01,1.79000e-03
-2.92980e-06,4.73200e-05,1.02879e-05,-1.23783e-24,1,1.80009e-01,6.45926e-01,1.29410e-01,1.80000e-03
-2.99218e-06,4.64242e-05,8.04275e-06,-1.23409e-24,1,1.81009e-01,6.46926e-01,1.29410e-01,1.81000e-03
-3.05456e-06,4.55285e-05,5.79765e-06,-1.23034e-24,1,1.82009e-01,6.47926e-01,1.29410e-01,1.82000e-03
-3.11695e-06,4.46326e-05,3.55242e-06,-1.22660e-24,1,1.83009e-01,6.48926e-01,1.29410e-01,1.83000e-03
-3.17933e-06,4.37368e-05,1.30732e-06,-1.22286e-24,1,1.84009e-01,6.49926e-01,1.29410e-01,1.84000e-03
-3.24171e-06,4.28410e-05,-9.37777e-07,-1.21911e-24,1,1.85009e-01,6.50926e-01,1.29410e-01,1.85000e-03
-3.30409e-06,4.19453e-05,-3.18288e-06,-1.21537e-24,1,1.86009e-01,6.51926e-01,1.29410e-01,1.86000e-03
-3.36647e-06,4.10495e-05,-5.42797e-06,-1.21162e-24,1,1.87009e-01,6.52926e-01,1.29410e-01,1.87000e-03
-3.42886e-06,4.01536e-05,-7.67321e-06,-1.20788e-24,1,1.88009e-01,6.53926e-01,1.29410e-01,1.88000e-03
-3.49124e-06,3.92578e-05,-9.91831e-06,-1.20414e-24,1,1.89009e-01,6.54926e-01,1.29410e-01,1.89000e-03
-3.55362e-06,3.83621e-05,-1.21634e-05,-1.20039e-24,1,1.90010e-01,6.55926e-01,1.29410e-01,1.90000e-03
-3.61600e-06,3.74663e-05,-1.44085e-05,-1.19665e-24,1,1.91010e-01,6.56926e-01,1.29410e-01,1.91000e-03
-3.67838e-06,3.65705e-05,-1.66536e-05,-1.19290e-24,1,1.92010e-01,6.57926e-01,1.29410e-01,1.92000e-03
-3.73812e-06,3.47993e-05,-2.04887e-05,-1.18021e-24,1,1.93010e-01,6.58926e-01,1.29410e-01,1.93000e-03
-3.79775e-06,3.29944e-05,-2.43849e-05,-1.16717e-24,1,1.94010e-01,6.59926e-01,1.29410e-01,1.94000e-03
-3.85738e-06,3.11896e-05,-2.82811e-05,-1.15414e-24,1,1.95010e-01,6.60926e-01,1.29410e-01,1.95000e-03
-3.91701e-06,2.93847e-05,-3.21773e-05,-1.14110e-24,1,1.96010e-01,6.61926e-01,1.29410e-01,1.96000e-03
-3.97664e-06,2.75798e-05,-3.60737e-05,-1.12806e-24,1,1.97010e-01,6.62926e-01,1.29410e-01,1.97000e-03
-4.03627e-06,2.57749e-05,-3.99699e-05,-1.11503e-24,1,1.98010e-01,6.63926e-01,1.29410e-01,1.98000e-03
-4.09590e-06,2.39701e-05,-4.38661e-05,-1.10199e-24,1,1.99010e-01,6.64926e-01,1.29410e-01,1.99000e-03
-4.15553e-06,2.21652e-05,-4.77623e-05,-1.08895e-24,1,2.00010e-01,6.65926e-01,1.29410e-01,2.00000e-03
-4.21516e-06,2.03604e-05,-5.16585e-05,-1.07592e-24,1,2.01010e-01,6.66926e-01,1.29410e-01,2.01000e-03
-4.27479e-06,1.85554e-05,-5.55550e-05,-1.06288e-24,1,2.02010e-01,6.67926e-01,1.29410e-01,2.02000e-03
-4.33442e-06,1.67506e-05,-5.94512e-05,-1.04984e-24,1,2.03010e-01,6.68926e-01,1.29410e-01,2.03000e-03
-4.39405e-06,1.49457e-05,-6.33474e-05,-1.03681e-24,1,2.04010e-01,6.69926e-01,1.29410e-01,2.04000e-03
-4.44956e-06,1.26211e-05,-6.82724e-05,-1.01697e-24,1,2.05010e-01,6.70926e-01,1.29410e-01,2.05000e-03
-4.50029e-06,9.69330e-06,-7.43911e-05,-9.89237e-25,1,2.06010e-01,6.71926e-01,1.29410e-01,2.06000e-03
-4.55102e-06,6.76533e-06,-8.05102e-05,-9.61504e-25,1,2.07010e-01,6.72926e-01,1.29410e-01,2.07000e-03
-4.60175e-06,3.83753e-06,-8.66290e-05,-9.33773e-25,1,2.08010e-01,6.73926e-01,1.29410e-01,2.08000e-03
-4.65248e-06,9.09740e-07,-9.27477e-05,-9.06042e-25,1,2.09010e-01,6.74926e-01,1.29410e-01,2.09000e-03
-4.70321e-06,-2.01805e-06,-9.88665e-05,-8.78311e-25,1,2.10010e-01,6.75926e-01,1.29410e-01,2.10000e-03
-4.75395e-06,-4.94602e-06,-1.04986e-04,-8.50578e-25,1,2.11011e-01,6.76926e-01,1.29410e-01,2.11000e-03
-4.80468e-06,-7.87382e-06,-1.11104e-04,-8.22846e-25,1,2.12011e-01,6.77926e-01,1.29410e-01,2.12000e-03
-4.85541e-06,-1.08016e-05,-1.17223e-04,-7.95115e-25,1,2.13011e-01,6.78926e-01,1.29410e-01,2.13000e-03
-4.90614e-06,-1.37294e-05,-1.23342e-04,-7.67384e-25,1,2.14011e-01,6.79926e-01,1.29410e-01,2.14000e-03
-4.95687e-06,-1.66572e-05,-1.29461e-04,-7.39653e-25,1,2.15011e-01,6.80926e-01,1.29410e-01,2.15000e-03
-5.00760e-06,-1.95852e-05,-1.35580e-04,-7.11920e-25,1,2.16011e-01,6.81926e-01,1.29410e-01,2.16000e-03
-5.05833e-06,-2.25130e-05,-1.41698e-04,-6.84188e-25,1,2.17011e-01,6.82926e-01,1.29410e-01,2.17000e-03
-5.09119e-06,-2.66677e-05,-1.50558e-04,-6.36465e-25,1,2.18011e-01,6.83926e-01,1.29410e-01,2.18000e-03
-5.12336e-06,-3.08696e-05,-1.59523e-04,-5.87972e-25,1,2.19011e-01,6.84926e-01,1.29410e-01,2.19000e-03
-5.15553e-06,-3.50719e-05,-1.68488e-04,-5.39475e-25,1,2.20011e-01,6.85926e-01,1.29410e-01,2.20000e-03
-5.18770e-06,-3.92738e-05,-1.77453e-04,-4.90982e-25,1,2.21011e-01,6.86926e-01,1.29410e-01,2.21000e-03
-5.21987e-06,-4.34758e-05,-1.86417e-04,-4.42489e-25,1,2.22011e-01,6.87926e-01,1.29410e-01,2.22000e-03
-5.25204e-06,-4.76777e-05,-1.95382e-04,-3.93995e-25,1,2.23011e-01,6.88926e-01,1.29410e-01,2.23000e-03
-5.28421e-06,-5.18797e-05,-2.04347e-04,-3.45502e-25,1,2.24011e-01,6.89926e-01,1.29410e-01,2.24000e-03
-5.31638e-06,-5.60819e-05,-2.13312e-04,-2.97006e-25,1,2.25011e-01,6.90926e-01,1.29410e-01,2.25000e-03
-5.34855e-06,-6.02839e-05,-2.22277e-04,-2.48513e-25,1,2.26011e-01,6.91926e-01,1.29410e-01,2.26000e-03
-5.38072e-06,-6.44858e-05,-2.31242e-04,-2.00019e-25,1,2.27011e-01,6.92926e-01,1.29410e-01,2.27000e-03
-5.41289e-06,-6.86878e-05,-2.40207e-04,-1.51526e-25,1,2.28011e-01,6.93926e-01,1.29410e-01,2.28000e-03
-5.44506e-06,-7.28897e-05,-2.49172e-04,-1.03033e-25,1,2.29011e-01,6.94926e-01,1.29410e-01,2.29000e-03
-5.46247e-06,-7.76953e-05,-2.59739e-04,-4.35800e-26,1,2.30012e-01,6.95926e-01,1.29410e-01,2.30000e-03
-5.46277e-06,-8.32007e-05,-2.72164e-04,2.85825e-26,1,2.31012e-01,6.96926e-01,1.29410e-01,2.31000e-03
-5.46306e-06,-8.87060e-05,-2.84589e-04,1.00745e-25,1,2.32012e-01,6.97926e-01,1.29410e-01,2.32000e-03
-5.46336e-06,-9.42114e-05,-2.97014e-04,1.72908e-25,1,2.33012e-01,6.98926e-01,1.29410e-01,2.33000e-03
-5.46365e-06,-9.97171e-05,-3.09440e-04,2.45074e-25,1,2.34012e-01,6.99926e-01,1.29410e-01,2.34000e-03
-5.46394e-06,-1.05222e-04,-3.21865e-04,3.17237e-25,1,2.35012e-01,7.00926e-01,1.29410e-01,2.35000e-03
-5.46424e-06,-1.10728e-04,-3.34290e-04,3.89400e-25,1,2.36012e-01,7.01926e-01,1.29410e-01,2.36000e-03
-5.46453e-06,-1.16233e-04,-3.46715e-04,4.61562e-25,1,2.37012e-01,7.02926e-01,1.29410e-01,2.37000e-03
-5.46483e-06,-1.21739e-04,-3.59140e-04,5.33725e-25,1,2.38012e-01,7.03926e-01,1.29410e-01,2.38000e-03
-5.46512e-06,-1.27244e-04,-3.71566e-04,6.05892e-25,1,2.39012e-01,7.04926e-01,1.29410e-01,2.39000e-03
-5.46542e-06,-1.32750e-04,-3.83991e-04,6.78054e-25,1,2.40012e-01,7.05926e-01,1.29410e-01,2.40000e-03
-5.46571e-06,-1.38255e-04,-3.96417e-04,7.50217e-25,1,2.41012e-01,7.06926e-01,1.29410e-01,2.41000e-03
-5.46600e-06,-1.43760e-04,-4.08842e-04,8.22379e-25,1,2.42012e-01,7.07926e-01,1.29410e-01,2.42000e-03
-5.42148e-06,-1.50371e-04,-4.25086e-04,9.13984e-25,1,2.43012e-01,7.08926e-01,1.29410e-01,2.43000e-03
-5.37523e-06,-1.57024e-04,-4.41478e-04,1.00634e-24,1,2.44012e-01,7.09926e-01,1.29410e-01,2.44000e-03
-5.32897e-06,-1.63676e-04,-4.57869e-04,1.09870e-24,1,2.45012e-01,7.10926e-01,1.29410e-01,2.45000e-03
-5.28272e-06,-1.70329e-04,-4.74261e-04,1.19105e-24,1,2.46012e-01,7.11926e-01,1.29410e-01,2.46000e-03
-5.23647e-06,-1.76982e-04,-4.90652e-04,1.28341e-24,1,2.47012e-01,7.12926e-01,1.29410e-01,2.47000e-03
-5.19022e-06,-1.83635e-04,-5.07044e-04,1.37577e-24,1,2.48012e-01,7.13926e-01,1.29410e-01,2.48000e-03
-5.14396e-06,-1.90288e-04,-5.23436e-04,1.46812e-24,1,2.49012e-01,7.14926e-01,1.29410e-01,2.49000e-03
-5.09771e-06,-1.96940e-04,-5.39827e-04,1.56048e-24,1,2.50012e-01,7.15926e-01,1.29410e-01,2.50000e-03
-5.05146e-06,-2.03593e-04,-5.56218e-04,1.65283e-24,1,2.51013e-01,7.16926e-01,1.29410e-01,2.51000e-03
-5.00521e-06,-2.10246e-04,-5.72610e-04,1.74519e-24,1,2.52013e-01,7.17926e-01,1.29410e-01,2.52000e-03
-4.95895e-06,-2.16899e-04,-5.89002e-04,1.83755e-24,1,2.53013e-01,7.18926e-01,1.29410e-01,2.53000e-03
-4.91270e-06,-2.23551e-04,-6.05393e-04,1.92990e-24,1,2.54013e-01,7.19926e-01,1.29410e-01,2.54000e-03
-4.83937e-06,-2.30552e-04,-6.23742e-04,2.02739e-24,1,2.55013e-01,7.20926e-01,1.29410e-01,2.55000e-03
-4.73463e-06,-2.37955e-04,-6.44361e-04,2.13085e-24,1,2.56013e-01,7.21926e-01,1.29410e-01,2.56000e-03
-4.62987e-06,-2.45360e-04,-6.64981e-04,2.23431e-24,1,2.57013e-01,7.22926e-01,1.29410e-01,2.57000e-03
-4.52513e-06,-2.52763e-04,-6.85601e-04,2.33777e-24,1,2.58013e-01,7.23926e-01,1.29410e-01,2.58000e-03
-4.42038e-06,-2.60167e-04,-7.06220e-04,2.44122e-24,1,2.59013e-01,7.24926e-01,1.29410e-01,2.59000e-03
-4.31563e-06,-2.67571e-04,-7.26839e-04,2.54467e-24,1,2.60013e-01,7.25926e-01,1.29410e-01,2.60000e-03
-4.21088e-06,-2.74974e-04,-7.47458e-04,2.64813e-24,1,2.61013e-01,7.26926e-01,1.29410e-01,2.61000e-03
-4.10613e-06,-2.82378e-04,-7.68078e-04,2.75159e-24,1,2.62013e-01,7.27926e-01,1.29410e-01,2.62000e-03
-4.00138e-06,-2.89782e-04,-7.88697e-04,2.85505e-24,1,2.63013e-01,7.28926e-01,1.29410e-01,2.63000e-03
-3.89664e-06,-2.97186e-04,-8.09317e-04,2.95850e-24,1,2.64013e-01,7.29926e-01,1.29410e-01,2.64000e-03
-3.79189e-06,-3.04589e-04,-8.29936e-04,3.06196e-24,1,2.65013e-01,7.30926e-01,1.29410e-01,2.65000e-03
-3.68714e-06,-3.11993e-04,-8.50555e-04,3.16541e-24,1,2.66013e-01,7.31926e-01,1.29410e-01,2.66000e-03
-3.58239e-06,-3.19397e-04,-8.71175e-04,3.26887e-24,1,2.67013e-01,7.32926e-01,1.29410e-01,2.67000e-03
-3.41551e-06,-3.26879e-04,-8.95721e-04,3.37442e-24,1,2.68013e-01,7.33926e-01,1.29410e-01,2.68000e-03
-3.24623e-06,-3.34364e-04,-9.20418e-04,3.48006e-24,1,2.69013e-01,7.34926e-01,1.29410e-01,2.69000e-03
-3.07696e-06,-3.41849e-04,-9.45115e-04,3.58569e-24,1,2.70013e-01,7.35926e-01,1.29410e-01,2.70000e-03
-2.90768e-06,-3.49334e-04,-9.69814e-04,3.69133e-24,1,2.71014e-01,7.36926e-01,1.29410e-01,2.71000e-03
-2.73841e-06,-3.56819e-04,-9.94511e-04,3.79697e-24,1,2.72014e-01,7.37926e-01,1.29410e-01,2.72000e-03
-2.56913e-06,-3.64304e-04,-1.01921e-03,3.90260e-24,1,2.73014e-01,7.38926e-01,1.29410e-01,2.73000e-03
-2.39986e-06,-3.71788e-04,-1.04390e-03,4.00823e-24,1,2.74014e-01,7.39926e-01,1.29410e-01,2.74000e-03
-2.23059e-06,-3.79273e-04,-1.06860e-03,4.11387e-24,1,2.75014e-01,7.40926e-01,1.29410e-01,2.75000e-03
-2.06131e-06,-3.86758e-04,-1.09330e-03,4.21951e-24,1,2.76014e-01,7.41926e-01,1.29410e-01,2.76000e-03
-1.89203e-06,-3.94243e-04,-1.11800e-03,4.32514e-24,1,2.77014e-01,7.42926e-01,1.29410e-01,2.77000e-03
-1.72276e-06,-4.01728e-04,-1.14269e-03,4.43078e-24,1,2.78014e-01,7.43926e-01,1.29410e-01,2.78000e-03
-1.55349e-06,-4.09213e-04,-1.16739e-03,4.53641e-24,1,2.79014e-01,7.44926e-01,1.29410e-01,2.79000e-03
-1.35402e-06,-4.16301e-04,-1.19363e-03,4.64254e-24,1,2.80014e-01,7.45926e-01,1.29410e-01,2.80000e-03
-1.11950e-06,-4.22928e-04,-1.22166e-03,4.74925e-24,1,2.81014e-01,7.46926e-01,1.29410e-01,2.81000e-03
-8.84999e-07,-4.29555e-04,-1.24968e-03,4.85595e-24,1,2.82014e-01,7.47926e-01,1.29410e-01,2.82000e-03
-6.50496e-07,-4.36182e-04,-1.27770e-03,4.96265e-24,1,2.83014e-01,7.48926e-01,1.29410e-01,2.83000e-03
-4.15992e-07,-4.42809e-04,-1.30573e-03,5.06935e-24,1,2.84014e-01,7.49926e-01,1.29410e-01,2.84000e-03
-1.81475e-07,-4.49436e-04,-1.33375e-03,5.17606e-24,1,2.85014e-01,7.50926e-01,1.29410e-01,2.85000e-03
5.30282e-08,-4.56064e-04,-1.36178e-03,5.28276e-24,1,2.86014e-01,7.51926e-01,1.29410e-01,2.86000e-03
2.87531e-07,-4.62691e-04,-1.38980e-03,5.38946e-24,1,2.87014e-01,7.52926e-01,1.29410e-01,2.87000e-03
5.22035e-07,-4.69318e-04,-1.41783e-03,5.49616e-24,1,2.88014e-01,7.53926e-01,1.29410e-01,2.88000e-03
7.56538e-07,-4.75945e-04,-1.44585e-03,5.60287e-24,1,2.89014e-01,7.54926e-01,1.29410e-01,2.89000e-03
9.91055e-07,-4.82572e-04,-1.47388e-03,5.70957e-24,1,2.90015e-01,7.55926e-01,1.29410e-01,2.90000e-03
1.22556e-06,-4.89199e-04,-1.50190e-03,5.81628e-24,1,2.91015e-01,7.56926e-01,1.29410e-01,2.91000e-03
1.46006e-06,-4.95826e-04,-1.52993e-03,5.92298e-24,1,2.92015e-01,7.57926e-01,1.29410e-01,2.92000e-03
1.75786e-06,-5.00526e-04,-1.55966e-03,6.04042e-24,1,2.93015e-01,7.58926e-01,1.29410e-01,2.93000e-03
2.05811e-06,-5.05152e-04,-1.58947e-03,6.15829e-24,1,2.94015e-01,7.59926e-01,1.29410e-01,2.94000e-03
2.35834e-06,-5.09778e-04,-1.61927e-03,6.27615e-24,1,2.95015e-01,7.60926e-01,1.29410e-01,2.95000e-03
2.65858e-06,-5.14404e-04,-1.64907e-03,6.39402e-24,1,2.96015e-01,7.61926e-01,1.29410e-01,2.96000e-03
2.95881e-06,-5.19030e-04,-1.67887e-03,6.51188e-24,1,2.97015e-01,7.62926e-01,1.29410e-01,2.97000e-03
3.25905e-06,-5.23656e-04,-1.70868e-03,6.62974e-24,1,2.98015e-01,7.63926e-01,1.29410e-01,2.98000e-03
3.55930e-06,-5.28282e-04,-1.73848e-03,6.74761e-24,1,2.99015e-01,7.64926e-01,1.29410e-01,2.99000e-03
3.85954e-06,-5.32908e-04,-1.76828e-03,6.86547e-24,1,3.00015e-01,7.65926e-01,1.29410e-01,3.00000e-03
4.15977e-06,-5.37534e-04,-1.79808e-03,6.98333e-24,1,3.01015e-01,7.66926e-01,1.29410e-01,3.01000e-03
4.46001e-06,-5.42160e-04,-1.82789e-03,7.10119e-24,1,3.02015e-01,7.67926e-01,1.29410e-01,3.02000e-03
4.76024e-06,-5.46786e-04,-1.85769e-03,7.21905e-24,1,3.03015e-01,7.68926e-01,1.29410e-01,3.03000e-03
5.06050e-06,-5.51412e-04,-1.88749e-03,7.33692e-24,1,3.04015e-01,7.69926e-01,1.29410e-01,3.04000e-03
5.39439e-06,-5.54561e-04,-1.91694e-03,7.46668e-24,1,3.05015e-01,7.70926e-01,1.29410e-01,3.05000e-03
5.76733e-06,-5.55994e-04,-1.94598e-03,7.61025e-24,1,3.06015e-01,7.71926e-01,1.29410e-01,3.06000e-03
6.14028e-06,-5.57428e-04,-1.97502e-03,7.75381e-24,1,3.07015e-01,7.72926e-01,1.29410e-01,3.07000e-03
6.51324e-06,-5.58861e-04,-2.00406e-03,7.89738e-24,1,3.08015e-01,7.73926e-01,1.29410e-01,3.08000e-03
6.88619e-06,-5.60295e-04,-2.03310e-03,8.04095e-24,1,3.09015e-01,7.74926e-01,1.29410e-01,3.09000e-03
7.25913e-06,-5.61728e-04,-2.06214e-03,8.18451e-24,1,3.10015e-01,7.75926e-01,1.29410e-01,3.10000e-03
7.63207e-06,-5.63162e-04,-2.09118e-03,8.32807e-24,1,3.11016e-01,7.76926e-01,1.29410e-01,3.11000e-03
8.00502e-06,-5.64595e-04,-2.12022e-03,8.47164e-24,1,3.12016e-01,7.77926e-01,1.29410e-01,3.12000e-03
8.37798e-06,-5.66029e-04,-2.14926e-03,8.61521e-24,1,3.13016e-01,7.78926e-01,1.29410e-01,3.13000e-03
8.75093e-06,-5.67462e-04,-2.17830e-03,8.75878e-24,1,3.14016e-01,7.79926e-01,1.29410e-01,3.14000e-03
9.12387e-06,-5.68896e-04,-2.20734e-03,8.90234e-24,1,3.15016e-01,7.80926e-01,1.29410e-01,3.15000e-03
9.49682e-06,-5.70329e-04,-2.23638e-03,9.04590e-24,1,3.16016e-01,7.81926e-01,1.29410e-01,3.16000e-03
9.86976e-06,-5.71763e-04,-2.26542e-03,9.18947e-24,1,3.17016e-01,7.82926e-01,1.29410e-01,3.17000e-03
1.03275e-05,-5.69202e-04,-2.29020e-03,9.35853e-24,1,3.18016e-01,7.83926e-01,1.29410e-01,3.18000e-03
1.07885e-05,-5.66487e-04,-2.31480e-03,9.52857e-24,1,3.19016e-01,7.84926e-01,1.29410e-01,3.19000e-03
1.12495e-05,-5.63771e-04,-2.33941e-03,9.69861e-24,1,3.20016e-01,7.85926e-01,1.29410e-01,3.20000e-03
1.17105e-05,-5.61056e-04,-2.36401e-03,9.86865e-24,1,3.21016e-01,7.86926e-01,1.29410e-01,3.21000e-03
1.21715e-05,-5.58341e-04,-2.38862e-03,1.00387e-23,1,3.22016e-01,7.87926e-01,1.29410e-01,3.22000e-03
1.26325e-05,-5.55626e-04,-2.41322e-03,1.02087e-23,1,3.23016e-01,7.88926e-01,1.29410e-01,3.23000e-03
1.30935e-05,-5.52910e-04,-2.43783e-03,1.03788e-23,1,3.24016e-01,7.89926e-01,1.29410e-01,3.24000e-03
1.35545e-05,-5.50195e-04,-2.46243e-03,1.05488e-23,1,3.25016e-01,7.90926e-01,1.29410e-01,3.25000e-03
1.40155e-05,-5.47480e-04,-2.48704e-03,1.07189e-23,1,3.26016e-01,7.91926e-01,1.29410e-01,3.26000e-03
1.44765e-05,-5.44765e-04,-2.51164e-03,1.08889e-23,1,3.27016e-01,7.92926e-01,1.29410e-01,3.27000e-03
1.49375e-05,-5.42050e-04,-2.53625e-03,1.10589e-23,1,3.28016e-01,7.93926e-01,1.29410e-01,3.28000e-03
1.53985e-05,-5.39335e-04,-2.56085e-03,1.12290e-23,1,3.29016e-01,7.94926e-01,1.29410e-01,3.29000e-03
1.59066e-05,-5.34565e-04,-2.58117e-03,1.13933e-23,1,3.30016e-01,7.95926e-01,1.29410e-01,3.30000e-03
1.64693e-05,-5.27413e-04,-2.59650e-03,1.15511e-23,1,3.31017e-01,7.96926e-01,1.29410e-01,3.31000e-03
1.70321e-05,-5.20260e-04,-2.61183e-03,1.17088e-23,1,3.32017e-01,7.97926e-01,1.29410e-01,3.32000e-03
1.75948e-05,-5.13108e-04,-2.62716e-03,1.18666e-23,1,3.33017e-01,7.98926e-01,1.29410e-01,3.33000e-03
1.81575e-05,-5.05955e-04,-2.64249e-03,1.20243e-23,1,3.34017e-01,7.99926e-01,1.29410e-01,3.34000e-03
1.87203e-05,-4.98803e-04,-2.65783e-03,1.21821e-23,1,3.35017e-01,8.00926e-01,1.29410e-01,3.35000e-03
1.92830e-05,-4.91650e-04,-2.67316e-03,1.23398e-23,1,3.36017e-01,8.01926e-01,1.29410e-01,3.36000e-03
1.98457e-05,-4.84498e-04,-2.68849e-03,1.24975e-23,1,3.37017e-01,8.02926e-01,1.29410e-01,3.37000e-03
2.04085e-05,-4.77345e-04,-2.70382e-03,1.26553e-23,1,3.38017e-01,8.03926e-01,1.29410e-01,3.38000e-03
2.09712e-05,-4.70193e-04,-2.71915e-03,1.28130e-23,1,3.39017e-01,8.04926e-01,1.29410e-01,3.39000e-03
2.15339e-05,-4.63041e-04,-2.73449e-03,1.29708e-23,1,3.40017e-01,8.05926e-01,1.29410e-01,3.40000e-03
2.20967e-05,-4.55888e-04,-2.74982e-03,1.31285e-23,1,3.41017e-01,8.06926e-01,1.29410e-01,3.41000e-03
2.26594e-05,-4.48735e-04,-2.76515e-03,1.32863e-23,1,3.42017e-01,8.07926e-01,1.29410e-01,3.42000e-03
2.33064e-05,-4.38224e-04,-2.76593e-03,1.33522e-23,1,3.43017e-01,8.08926e-01,1.29410e-01,3.43000e-03
2.39566e-05,-4.27583e-04,-2.76614e-03,1.34147e-23,1,3.44017e-01,8.09926e-01,1.29410e-01,3.44000e-03
2.46069e-05,-4.16941e-04,-2.76636e-03,1.34771e-23,1,3.45017e-01,8.10926e-01,1.29410e-01,3.45000e-03
2.52571e-05,-4.06300e-04,-2.76657e-03,1.35395e-23,1,3.46017e-01,8.11926e-01,1.29410e-01,3.46000e-03
2.59073e-05,-3.95659e-04,-2.76679e-03,1.36019e-23,1,3.47017e-01,8.12926e-01,1.29410e-01,3.47000e-03
2.65576e-05,-3.85018e-04,-2.76700e-03,1.36644e-23,1,3.48017e-01,8.13926e-01,1.29410e-01,3.48000e-03
2.72078e-05,-3.74377e-04,-2.76722e-03,1.37268e-23,1,3.49017e-01,8.14926e-01,1.29410e-01,3.49000e-03
2.78581e-05,-3.63735e-04,-2.76743e-03,1.37892e-23,1,3.50018e-01,8.15926e-01,1.29410e-01,3.50000e-03
2.85083e-05,-3.53094e-04,-2.76765e-03,1.38517e-23,1,3.51018e-01,8.16926e-01,1.29410e-01,3.51000e-03
2.91585e-05,-3.42453e-04,-2.76787e-03,1.39141e-23,1,3.52018e-01,8.17926e-01,1.29410e-01,3.52000e-03
2.98087e-05,-3.31812e-04,-2.76808e-03,1.39765e-23,1,3.53018e-01,8.18926e-01,1.29410e-01,3.53000e-03
3.04590e-05,-3.21171e-04,-2.76830e-03,1.40389e-23,1,3.54018e-01,8.19926e-01,1.29410e-01,3.54000e-03
3.11181e-05,-3.10189e-04,-2.75851e-03,1.40106e-23,1,3.55018e-01,8.20926e-01,1.29410e-01,3.55000e-03
3.17873e-05,-2.98813e-04,-2.73712e-03,1.38769e-23,1,3.56018e-01,8.21926e-01,1.29410e-01,3.56000e-03
3.24566e-05,-2.87436e-04,-2.71572e-03,1.37433e-23,1,3.57018e-01,8.22926e-01,1.29410e-01,3.57000e-03
3.31259e-05,-2.76059e-04,-2.69433e-03,1.36096e-23,1,3.58018e-01,8.23926e-01,1.29410e-01,3.58000e-03
3.37952e-05,-2.64682e-04,-2.67293e-03,1.34759e-23,1,3.59018e-01,8.24926e-01,1.29410e-01,3.59000e-03
3.44645e-05,-2.53305e-04,-2.65154e-03,1.33423e-23,1,3.60018e-01,8.25926e-01,1.29410e-01,3.60000e-03
3.51338e-05,-2.41928e-04,-2.63015e-03,1.32086e-23,1,3.61018e-01,8.26926e-01,1.29410e-01,3.61000e-03
3.58031e-05,-2.30552e-04,-2.60875e-03,1.30749e-23,1,3.62018e-01,8.27926e-01,1.29410e-01,3.62000e-03
3.64724e-05,-2.19175e-04,-2.58736e-03,1.29413e-23,1,3.63018e-01,8.28926e-01,1.29410e-01,3.63000e-03
3.71417e-05,-2.07798e-04,-2.56596e-03,1.28076e-23,1,3.64018e-01,8.29926e-01,1.29410e-01,3.64000e-03
3.78110e-05,-1.96421e-04,-2.54457e-03,1.26739e-23,1,3.65018e-01,8.30926e-01,1.29410e-01,3.65000e-03
3.84802e-05,-1.85044e-04,-2.52318e-03,1.25402e-23,1,3.66018e-01,8.31926e-01,1.29410e-01,3.66000e-03
3.91495e-05,-1.73668e-04,-2.50178e-03,1.24066e-23,1,3.67018e-01,8.32926e-01,1.29410e-01,3.67000e-03
3.97116e-05,-1.66418e-04,-2.45333e-03,1.19913e-23,1,3.68018e-01,8.33926e-01,1.29410e-01,3.68000e-03
4.02696e-05,-1.59327e-04,-2.40384e-03,1.15651e-23,1,3.69018e-01,8.34926e-01,1.29410e-01,3.69000e-03
4.08275e-05,-1.52237e-04,-2.35434e-03,1.11390e-23,1,3.70019e-01,8.35926e-01,1.29410e-01,3.70000e-03
4.13855e-05,-1.45147e-04,-2.30485e-03,1.07128e-23,1,3.71019e-01,8.36926e-01,1.29410e-01,3.71000e-03
4.19434e-05,-1.38056e-04,-2.25536e-03,1.02867e-23,1,3.72019e-01,8.37926e-01,1.29410e-01,3.72000e-03
4.25014e-05,-1.30966e-04,-2.20586e-03,9.86051e-24,1,3.73019e-01,8.38926e-01,1.29410e-01,3.73000e-03
4.30594e-05,-1.23875e-04,-2.15637e-03,9.43436e-24,1,3.74019e-01,8.39926e-01,1.29410e-01,3.74000e-03
4.36173e-05,-1.16785e-04,-2.10688e-03,9.00821e-24,1,3.75019e-01,8.40926e-01,1.29410e-01,3.75000e-03
4.41753e-05,-1.09695e-04,-2.05738e-03,8.58207e-24,1,3.76019e-01,8.41926e-01,1.29410e-01,3.76000e-03
4.47332e-05,-1.02604e-04,-2.00789e-03,8.15592e-24,1,3.77019e-01,8.42926e-01,1.29410e-01,3.77000e-03
4.52912e-05,-9.55137e-05,-1.95840e-03,7.72975e-24,1,3.78019e-01,8.43926e-01,1.29410e-01,3.78000e-03
4.58491e-05,-8.84234e-05,-1.90890e-03,7.30360e-24,1,3.79019e-01,8.44926e-01,1.29410e-01,3.79000e-03
4.62686e-05,-8.68032e-05,-1.84385e-03,6.70943e-24,1,3.80019e-01,8.45926e-01,1.29410e-01,3.80000e-03
4.65275e-05,-9.15302e-05,-1.76075e-03,5.92030e-24,1,3.81019e-01,8.46926e-01,1.29410e-01,3.81000e-03
4.67864e-05,-9.62575e-05,-1.67765e-03,5.13112e-24,1,3.82019e-01,8.47926e-01,1.29410e-01,3.82000e-03
4.70452e-05,-1.00984e-04,-1.59454e-03,4.34199e-24,1,3.83019e-01,8.48926e-01,1.29410e-01,3.83000e-03
4.73041e-05,-1.05711e-04,-1.51144e-03,3.55286e-24,1,3.84019e-01,8.49926e-01,1.29410e-01,3.84000e-03
4.75629e-05,-1.10438e-04,-1.42834e-03,2.76373e-24,1,3.85019e-01,8.50926e-01,1.29410e-01,3.85000e-03
4.78218e-05,-1.15165e-04,-1.34524e-03,1.97460e-24,1,3.86019e-01,8.51926e-01,1.29410e-01,3.86000e-03
4.80806e-05,-1.19893e-04,-1.26214e-03,1.18542e-24,1,3.87019e-01,8.52926e-01,1.29410e-01,3.87000e-03
4.83395e-05,-1.24620e-04,-1.17904e-03,3.96288e-25,1,3.88019e-01,8.53926e-01,1.29410e-01,3.88000e-03
4.85983e-05,-1.29347e-04,-1.09593e-03,-3.92844e-25,1,3.89019e-01,8.54926e-01,1.29410e-01,3.89000e-03
4.88572e-05,-1.34074e-04,-1.01283e-03,-1.18198e-24,1,3.90019e-01,8.55926e-01,1.29410e-01,3.90000e-03
4.91160e-05,-1.38801e-04,-9.29732e-04,-1.97111e-24,1,3.91020e-01,8.56926e-01,1.29410e-01,3.91000e-03
4.93749e-05,-1.43528e-04,-8.46627e-04,-2.76029e-24,1,3.92020e-01,8.57926e-01,1.29410e-01,3.92000e-03
4.91268e-05,-1.69093e-04,-7.27776e-04,-3.91130e-24,1,3.93020e-01,8.58926e-01,1.29410e-01,3.93000e-03
4.88591e-05,-1.95461e-04,-6.07548e-04,-5.07624e-24,1,3.94020e-01,8.59926e-01,1.29410e-01,3.94000e-03
4.85914e-05,-2.21829e-04,-4.87321e-04,-6.24119e-24,1,3.95020e-01,8.60926e-01,1.29410e-01,3.95000e-03
4.83237e-05,-2.48198e-04,-3.67086e-04,-7.40620e-24,1,3.96020e-01,8.61926e-01,1.29410e-01,3.96000e-03
4.80561e-05,-2.74566e-04,-2.46859e-04,-8.57115e-24,1,3.97020e-01,8.62926e-01,1.29410e-01,3.97000e-03
4.77884e-05,-3.00934e-04,-1.26631e-04,-9.73609e-24,1,3.98020e-01,8.63926e-01,1.29410e-01,3.98000e-03
4.75207e-05,-3.27302e-04,-6.40359e-06,-1.09010e-23,1,3.99020e-01,8.64926e-01,1.29410e-01,3.99000e-03
4.72531e-05,-3.53669e-04,1.13824e-04,-1.20660e-23,1,4.00020e-01,8.65926e-01,1.29410e-01,4.00000e-03
4.69854e-05,-3.80039e-04,2.34059e-04,-1.32310e-23,1,4.01020e-01,8.66926e-01,1.29410e-01,4.01000e-03
4.67177e-05,-4.06406e-04,3.54286e-04,-1.43959e-23,1,4.02020e-01,8.67926e-01,1.29410e-01,4.02000e-03
4.64500e-05,-4.32774e-04,4.74513e-04,-1.55609e-23,1,4.03020e-01,8.68926e-01,1.29410e-01,4.03000e-03
4.61824e-05,-4.59142e-04,5.94741e-04,-1.67258e-23,1,4.04020e-01,8.69926e-01,1.29410e-01,4.04000e-03
4.55645e-05,-5.00807e-04,7.32472e-04,-1.80384e-23,1,4.05020e-01,8.70926e-01,1.29410e-01,4.05000e-03
4.45402e-05,-5.60226e-04,8.90521e-04,-1.95224e-23,1,4.06020e-01,8.71926e-01,1.29410e-01,4.06000e-03
4.35159e-05,-6.19642e-04,1.04856e-03,-2.10062e-23,1,4.07020e-01,8.72926e-01,1.29410e-01,4.07000e-03
4.24917e-05,-6.79057e-04,1.20660e-03,-2.24901e-23,1,4.08020e-01,8.73926e-01,1.29410e-01,4.08000e-03
4.14674e-05,-7.38473e-04,1.36464e-03,-2.39740e-23,1,4.09020e-01,8.74926e-01,1.29410e-01,4.09000e-03
4.04431e-05,-7.97892e-04,1.52269e-03,-2.54580e-23,1,4.10021e-01,8.75926e-01,1.29410e-01,4.10000e-03
3.94189e-05,-8.57308e-04,1.68073e-03,-2.69418e-23,1,4.11021e-01,8.76926e-01,1.29410e-01,4.11000e-03
3.83946e-05,-9.16723e-04,1.83877e-03,-2.84257e-23,1,4.12021e-01,8.77926e-01,1.29410e-01,4.12000e-03
3.73704e-05,-9.76139e-04,1.99681e-03,-2.99096e-23,1,4.13021e-01,8.78926e-01,1.29410e-01,4.13000e-03
3.63461e-05,-1.03555e-03,2.15485e-03,-3.13935e-23,1,4.14021e-01,8.79926e-01,1.29410e-01,4.14000e-03
3.53218e-05,-1.09497e-03,2.31290e-03,-3.28774e-23,1,4.15021e-01,8.80926e-01,1.29410e-01,4.15000e-03
3.42976e-05,-1.15439e-03,2.47094e-03,-3.43613e-23,1,4.16021e-01,8.81926e-01,1.29410e-01,4.16000e-03
3.32733e-05,-1.21380e-03,2.62898e-03,-3.58452e-23,1,4.17021e-01,8.82926e-01,1.29410e-01,4.17000e-03
3.13369e-05,-1.31649e-03,2.82085e-03,-3.75320e-23,1,4.18021e-01,8.83926e-01,1.29410e-01,4.18000e-03
2.93651e-05,-1.42085e-03,3.01403e-03,-3.92268e-23,1,4.19021e-01,8.84926e-01,1.29410e-01,4.19000e-03
2.73935e-05,-1.52520e-03,3.20720e-03,-4.09215e-23,1,4.20021e-01,8.85926e-01,1.29410e-01,4.20000e-03
2.54219e-05,-1.62956e-03,3.40037e-03,-4.26162e-23,1,4.21021e-01,8.86926e-01,1.29410e-01,4.21000e-03
2.34502e-05,-1.73391e-03,3.59354e-03,-4.43109e-23,1,4.22021e-01,8.87926e-01,1.29410e-01,4.22000e-03
2.14786e-05,-1.83827e-03,3.78671e-03,-4.60056e-23,1,4.23021e-01,8.88926e-01,1.29410e-01,4.23000e-03
1.95068e-05,-1.94263e-03,3.97989e-03,-4.77004e-23,1,4.24021e-01,8.89926e-01,1.29410e-01,4.24000e-03
1.75352e-05,-2.04698e-03,4.17307e-03,-4.93950e-23,1,4.25021e-01,8.90926e-01,1.29410e-01,4.25000e-03
1.55636e-05,-2.15134e-03,4.36624e-03,-5.10897e-23,1,4.26021e-01,8.91926e-01,1.29410e-01,4.26000e-03
1.35919e-05,-2.25569e-03,4.55941e-03,-5.27844e-23,1,4.27021e-01,8.92926e-01,1.29410e-01,4.27000e-03
1.16203e-05,-2.36004e-03,4.75258e-03,-5.44791e-23,1,4.28021e-01,8.93926e-01,1.29410e-01,4.28000e-03
9.64854e-06,-2.46440e-03,4.94576e-03,-5.61739e-23,1,4.29021e-01,8.94926e-01,1.29410e-01,4.29000e-03
7.18170e-06,-2.59467e-03,5.15236e-03,-5.79079e-23,1,4.30021e-01,8.95926e-01,1.29410e-01,4.30000e-03
4.14028e-06,-2.75500e-03,5.37454e-03,-5.96876e-23,1,4.31022e-01,8.96926e-01,1.29410e-01,4.31000e-03
1.09885e-06,-2.91533e-03,5.59673e-03,-6.14673e-23,1,4.32022e-01,8.97926e-01,1.29410e-01,4.32000e-03
-1.94276e-06,-3.07567e-03,5.81893e-03,-6.32471e-23,1,4.33022e-01,8.98926e-01,1.29410e-01,4.33000e-03
-4.98418e-06,-3.23600e-03,6.04111e-03,-6.50268e-23,1,4.34022e-01,8.99926e-01,1.29410e-01,4.34000e-03
-8.02561e-06,-3.39633e-03,6.26329e-03,-6.68065e-23,1,4.35022e-01,9.00926e-01,1.29410e-01,4.35000e-03
-1.10670e-05,-3.55666e-03,6.48548e-03,-6.85862e-23,1,4.36022e-01,9.01926e-01,1.29410e-01,4.36000e-03
-1.41085e-05,-3.71699e-03,6.70766e-03,-7.03659e-23,1,4.37022e-01,9.02926e-01,1.29410e-01,4.37000e-03
-1.71501e-05,-3.87732e-03,6.92986e-03,-7.21457e-23,1,4.38022e-01,9.03926e-01,1.29410e-01,4.38000e-03
-2.01915e-05,-4.03765e-03,7.15204e-03,-7.39254e-23,1,4.39022e-01,9.04926e-01,1.29410e-01,4.39000e-03
-2.32329e-05,-4.19798e-03,7.37423e-03,-7.57051e-23,1,4.40022e-01,9.05926e-01,1.29410e-01,4.40000e-03
-2.62743e-05,-4.35831e-03,7.59641e-03,-7.74848e-23,1,4.41022e-01,9.06926e-01,1.29410e-01,4.41000e-03
-2.93158e-05,-4.51864e-03,7.81860e-03,-7.92645e-23,1,4.42022e-01,9.07926e-01,1.29410e-01,4.42000e-03
-3.34314e-05,-4.74141e-03,8.06000e-03,-8.10235e-23,1,4.43022e-01,9.08926e-01,1.29410e-01,4.43000e-03
-3.75882e-05,-4.96657e-03,8.30213e-03,-8.27817e-23,1,4.44022e-01,9.09926e-01,1.29410e-01,4.44000e-03
-4.17450e-05,-5.19173e-03,8.54426e-03,-8.45398e-23,1,4.45022e-01,9.10926e-01,1.29410e-01,4.45000e-03
-4.59018e-05,-5.41689e-03,8.78639e-03,-8.62979e-23,1,4.46022e-01,9.11926e-01,1.29410e-01,4.46000e-03
-5.00588e-05,-5.64206e-03,9.02854e-03,-8.80562e-23,1,4.47022e-01,9.12926e-01,1.29410e-01,4.47000e-03
-5.42156e-05,-5.86722e-03,9.27067e-03,-8.98143e-23,1,4.48022e-01,9.13926e-01,1.29410e-01,4.48000e-03
-5.83724e-05,-6.09238e-03,9.51280e-03,-9.15725e-23,1,4.49022e-01,9.14926e-01,1.29410e-01,4.49000e-03
-6.25292e-05,-6.31754e-03,9.75493e-03,-9.33306e-23,1,4.50022e-01,9.15926e-01,1.29410e-01,4.50000e-03
-6.66860e-05,-6.54271e-03,9.99706e-03,-9.50887e-23,1,4.51023e-01,9.16926e-01,1.29410e-01,4.51000e-03
-7.08431e-05,-6.76788e-03,1.02392e-02,-9.68470e-23,1,4.52023e-01,9.17926e-01,1.29410e-01,4.52000e-03
-7.49999e-05,-6.99304e-03,1.04813e-02,-9.86051e-23,1,4.53023e-01,9.18926e-01,1.29410e-01,4.53000e-03
-7.91567e-05,-7.21820e-03,1.07235e-02,-1.00363e-22,1,4.54023e-01,9.19926e-01,1.29410e-01,4.54000e-03
-8.38219e-05,-7.47597e-03,1.09697e-02,-1.02084e-22,1,4.55023e-01,9.20926e-01,1.29410e-01,4.55000e-03
-8.90771e-05,-7.77157e-03,1.12207e-02,-1.03762e-22,1,4.56023e-01,9.21926e-01,1.29410e-01,4.56000e-03
-9.43326e-05,-8.06718e-03,1.14717e-02,-1.05440e-22,1,4.57023e-01,9.22926e-01,1.29410e-01,4.57000e-03
-9.95879e-05,-8.36278e-03,1.17227e-02,-1.07117e-22,1,4.58023e-01,9.23926e-01,1.29410e-01,4.58000e-03
-1.04843e-04,-8.65838e-03,1.19737e-02,-1.08795e-22,1,4.59023e-01,9.24926e-01,1.29410e-01,4.59000e-03
-1.10098e-04,-8.95398e-03,1.22247e-02,-1.10473e-22,1,4.60023e-01,9.25926e-01,1.29410e-01,4.60000e-03
-1.15354e-04,-9.24960e-03,1.24758e-02,-1.12150e-22,1,4.61023e-01,9.26926e-01,1.29410e-01,4.61000e-03
-1.20609e-04,-9.54520e-03,1.27268e-02,-1.13828e-22,1,4.62023e-01,9.27926e-01,1.29410e-01,4.62000e-03
-1.25864e-04,-9.84080e-03,1.29778e-02,-1.15506e-22,1,4.63023e-01,9.28926e-01,1.29410e-01,4.63000e-03
-1.31119e-04,-1.01364e-02,1.32288e-02,-1.17183e-22,1,4.64023e-01,9.29926e-01,1.29410e-01,4.64000e-03
-1.36375e-04,-1.04320e-02,1.34798e-02,-1.18861e-22,1,4.65023e-01,9.30926e-01,1.29410e-01,4.65000e-03
-1.41630e-04,-1.07276e-02,1.37308e-02,-1.20539e-22,1,4.66023e-01,9.31926e-01,1.29410e-01,4.66000e-03
-1.46885e-04,-1.10232e-02,1.39818e-02,-1.22217e-22,1,4.67023e-01,9.32926e-01,1.29410e-01,4.67000e-03
-1.53151e-04,-1.13883e-02,1.42299e-02,-1.23815e-22,1,4.68023e-01,9.33926e-01,1.29410e-01,4.68000e-03
-1.59456e-04,-1.17561e-02,1.44780e-02,-1.25409e-22,1,4.69023e-01,9.34926e-01,1.29410e-01,4.69000e-03
-1.65762e-04,-1.21239e-02,1.47260e-02,-1.27005e-22,1,4.70024e-01,9.35926e-01,1.29410e-01,4.70000e-03
-1.72066e-04,-1.24917e-02,1.49741e-02,-1.28599e-22,1,4.71024e-01,9.36926e-01,1.29410e-01,4.71000e-03
-1.78371e-04,-1.28595e-02,1.52221e-02,-1.30194e-22,1,4.72024e-01,9.37926e-01,1.29410e-01,4.72000e-03
-1.84676e-04,-1.32273e-02,1.54701e-02,-1.31789e-22,1,4.73024e-01,9.38926e-01,1.29410e-01,4.73000e-03
-1.90981e-04,-1.35951e-02,1.57182e-02,-1.33384e-22,1,4.74024e-01,9.39926e-01,1.29410e-01,4.74000e-03
-1.97286e-04,-1.39629e-02,1.59662e-02,-1.34979e-22,1,4.75024e-01,9.40926e-01,1.29410e-01,4.75000e-03
-2.03591e-04,-1.43307e-02,1.62142e-02,-1.36574e-22,1,4.76024e-01,9.41926e-01,1.29410e-01,4.76000e-03
-2.09896e-04,-1.46985e-02,1.64623e-02,-1.38169e-22,1,4.77024e-01,9.42926e-01,1.29410e-01,4.77000e-03
-2.16201e-04,-1.50663e-02,1.67103e-02,-1.39764e-22,1,4.78024e-01,9.43926e-01,1.29410e-01,4.78000e-03
-2.22506e-04,-1.54341e-02,1.69583e-02,-1.41359e-22,1,4.79024e-01,9.44926e-01,1.29410e-01,4.79000e-03
-2.29276e-04,-1.58344e-02,1.71998e-02,-1.42936e-22,1,4.80024e-01,9.45926e-01,1.29410e-01,4.80000e-03
-2.36585e-04,-1.62722e-02,1.74335e-02,-1.44491e-22,1,4.81024e-01,9.46926e-01,1.29410e-01,4.81000e-03
-2.43894e-04,-1.67100e-02,1.76672e-02,-1.46046e-22,1,4.82024e-01,9.47926e-01,1.29410e-01,4.82000e-03
-2.51204e-04,-1.71479e-02,1.79010e-02,-1.47602e-22,1,4.83024e-01,9.48926e-01,1.29410e-01,4.83000e-03
-2.58513e-04,-1.75858e-02,1.81347e-02,-1.49157e-22,1,4.84024e-01,9.49926e-01,1.29410e-01,4.84000e-03
-2.65822e-04,-1.80236e-02,1.83684e-02,-1.50712e-22,1,4.85024e-01,9.50926e-01,1.29410e-01,4.85000e-03
-2.73132e-04,-1.84614e-02,1.86022e-02,-1.52268e-22,1,4.86024e-01,9.51926e-01,1.29410e-01,4.86000e-03
-2.80441e-04,-1.88993e-02,1.88359e-02,-1.53823e-22,1,4.87024e-01,9.52926e-01,1.29410e-01,4.87000e-03
-2.87750e-04,-1.93371e-02,1.90696e-02,-1.55378e-22,1,4.88024e-01,9.53926e-01,1.29410e-01,4.88000e-03
-2.95059e-04,-1.97750e-02,1.93034e-02,-1.56934e-22,1,4.89024e-01,9.54926e-01,1.29410e-01,4.89000e-03
-3.02369e-04,-2.02128e-02,1.95371e-02,-1.58489e-22,1,4.90025e-01,9.55926e-01,1.29410e-01,4.90000e-03
-3.09678e-04,-2.06507e-02,1.97708e-02,-1.60044e-22,1,4.91025e-01,9.56926e-01,1.29410e-01,4.91000e-03
-3.16987e-04,-2.10885e-02,2.00046e-02,-1.61600e-22,1,4.92025e-01,9.57926e-01,1.29410e-01,4.92000e-03
-3.25248e-04,-2.15884e-02,2.02152e-02,-1.63179e-22,1,4.93025e-01,9.58926e-01,1.29410e-01,4.93000e-03
-3.33547e-04,-2.20908e-02,2.04249e-02,-1.64760e-22,1,4.94025e-01,9.59926e-01,1.29410e-01,4.94000e-03
-3.41845e-04,-2.25931e-02,2.06346e-02,-1.66340e-22,1,4.95025e-01,9.60926e-01,1.29410e-01,4.95000e-03
-3.50144e-04,-2.30954e-02,2.08443e-02,-1.67921e-22,1,4.96025e-01,9.61926e-01,1.29410e-01,4.96000e-03
-3.58442e-04,-2.35977e-02,2.10540e-02,-1.69502e-22,1,4.97025e-01,9.62926e-01,1.29410e-01,4.97000e-03
-3.66741e-04,-2.41000e-02,2.12637e-02,-1.71082e-22,1,4.98025e-01,9.63926e-01,1.29410e-01,4.98000e-03
-3.75039e-04,-2.46023e-02,2.14734e-02,-1.72663e-22,1,4.99025e-01,9.64926e-01,1.29410e-01,4.99000e-03
-3.83337e-04,-2.51046e-02,2.16831e-02,-1.74243e-22,1,5.00025e-01,9.65926e-01,1.29410e-01,5.00000e-03
-3.91635e-04,-2.56069e-02,2.18928e-02,-1.75824e-22,1,5.01025e-01,9.66926e-01,1.29410e-01,5.01000e-03
-3.99934e-04,-2.61092e-02,2.21025e-02,-1.77404e-22,1,5.02025e-01,9.67926e-01,1.29410e-01,5.02000e-03
-4.08232e-04,-2.66116e-02,2.23122e-02,-1.78985e-22,1,5.03025e-01,9.68926e-01,1.29410e-01,5.03000e-03
-4.16531e-04,-2.71139e-02,2.25219e-02,-1.80566e-22,1,5.04025e-01,9.69926e-01,1.29410e-01,5.04000e-03
-4.25299e-04,-2.76422e-02,2.27171e-02,-1.82186e-22,1,5.05025e-01,9.70926e-01,1.29410e-01,5.05000e-03
-4.34614e-04,-2.82008e-02,2.28954e-02,-1.83853e-22,1,5.06025e-01,9.71926e-01,1.29410e-01,5.06000e-03
-4.43928e-04,-2.87594e-02,2.30737e-02,-1.85519e-22,1,5.07025e-01,9.72926e-01,1.29410e-01,5.07000e-03
-4.53243e-04,-2.93180e-02,2.32520e-02,-1.87186e-22,1,5.08025e-01,9.73926e-01,1.29410e-01,5.08000e-03
-4.62557e-04,-2.98766e-02,2.34303e-02,-1.88852e-22,1,5.09025e-01,9.74926e-01,1.29410e-01,5.09000e-03
-4.71872e-04,-3.04352e-02,2.36086e-02,-1.90519e-22,1,5.10026e-01,9.75926e-01,1.29410e-01,5.10000e-03
-4.81186e-04,-3.09938e-02,2.37869e-02,-1.92186e-22,1,5.11026e-01,9.76926e-01,1.29410e-01,5.11000e-03
-4.90501e-04,-3.15524e-02,2.39652e-02,-1.93852e-22,1,5.12026e-01,9.77926e-01,1.29410e-01,5.12000e-03
-4.99815e-04,-3.21110e-02,2.41435e-02,-1.95519e-22,1,5.13026e-01,9.78926e-01,1.29410e-01,5.13000e-03
-5.09129e-04,-3.26696e-02,2.43218e-02,-1.97185e-22,1,5.14026e-01,9.79926e-01,1.29410e-01,5.14000e-03
-5.18444e-04,-3.32282e-02,2.45001e-02,-1.98852e-22,1,5.15026e-01,9.80926e-01,1.29410e-01,5.15000e-03
-5.27758e-04,-3.37868e-02,2.46784e-02,-2.00519e-22,1,5.16026e-01,9.81926e-01,1.29410e-01,5.16000e-03
-5.37073e-04,-3.43454e-02,2.48567e-02,-2.02185e-22,1,5.17026e-01,9.82926e-01,1.29410e-01,5.17000e-03
-5.47429e-04,-3.49489e-02,2.50002e-02,-2.03972e-22,1,5.18026e-01,9.83926e-01,1.29410e-01,5.18000e-03
-5.57825e-04,-3.55541e-02,2.51424e-02,-2.05763e-22,1,5.19026e-01,9.84926e-01,1.29410e-01,5.19000e-03
-5.68221e-04,-3.61593e-02,2.52846e-02,-2.07554e-22,1,5.20026e-01,9.85926e-01,1.29410e-01,5.20000e-03
-5.78617e-04,-3.67645e-02,2.54269e-02,-2.09345e-22,1,5.21026e-01,9.86926e-01,1.29410e-01,5.21000e-03
-5.89013e-04,-3.73697e-02,2.55691e-02,-2.11136e-22,1,5.22026e-01,9.87926e-01,1.29410e-01,5.22000e-03
-5.99409e-04,-3.79748e-02,2.57113e-02,-2.12927e-22,1,5.23026e-01,9.88926e-01,1.29410e-01,5.23000e-03
-6.09805e-04,-3.85800e-02,2.58535e-02,-2.14719e-22,1,5.24026e-01,9.89926e-01,1.29410e-01,5.24000e-03
-6.20201e-04,-3.91852e-02,2.59957e-02,-2.16510e-22,1,5.25026e-01,9.90926e-01,1.29410e-01,5.25000e-03
-6.30598e-04,-3.97904e-02,2.61379e-02,-2.18301e-22,1,5.26026e-01,9.91926e-01,1.29410e-01,5.26000e-03
-6.40994e-04,-4.03956e-02,2.62801e-02,-2.20092e-22,1,5.27026e-01,9.92926e-01,1.29410e-01,5.27000e-03
-6.51389e-04,-4.10008e-02,2.64223e-02,-2.21883e-22,1,5.28026e-01,9.93926e-01,1.29410e-01,5.28000e-03
-6.61785e-04,-4.16060e-02,2.65646e-02,-2.23674e-22,1,5.29026e-01,9.94926e-01,1.29410e-01,5.29000e-03
-6.72723e-04,-4.22280e-02,2.66891e-02,-2.25528e-22,1,5.30026e-01,9.95926e-01,1.29410e-01,5.30000e-03
-6.84290e-04,-4.28696e-02,2.67932e-02,-2.27454e-22,1,5.31027e-01,9.96926e-01,1.29410e-01,5.31000e-03
-6.95857e-04,-4.35112e-02,2.68972e-02,-2.29380e-22,1,5.32027e-01,9.97926e-01,1.29410e-01,5.32000e-03
-7.07424e-04,-4.41528e-02,2.70013e-02,-2.31305e-22,1,5.33027e-01,9.98926e-01,1.29410e-01,5.33000e-03
-7.18990e-04,-4.47944e-02,2.71053e-02,-2.33231e-22,1,5.34027e-01,9.99926e-01,1.29410e-01,5.34000e-03
-7.30557e-04,-4.54360e-02,2.72094e-02,-2.35157e-22,1,5.35027e-01,1.00093e+00,1.29410e-01,5.35000e-03
-7.42124e-04,-4.60776e-02,2.73134e-02,-2.37083e-22,1,5.36027e-01,1.00193e+00,1.29410e-01,5.36000e-03
-7.53690e-04,-4.67192e-02,2.74175e-02,-2.39009e-22,1,5.37027e-01,1.00293e+00,1.29410e-01,5.37000e-03
-7.65257e-04,-4.73608e-02,2.75215e-02,-2.40934e-22,1,5.38027e-01,1.00393e+00,1.29410e-01,5.38000e-03
-7.76824e-04,-4.80025e-02,2.76256e-02,-2.42860e-22,1,5.39027e-01,1.00493e+00,1.29410e-01,5.39000e-03
-7.88390e-04,-4.86440e-02,2.77296e-02,-2.44786e-22,1,5.40027e-01,1.00593e+00,1.29410e-01,5.40000e-03
-7.99958e-04,-4.92856e-02,2.78337e-02,-2.46712e-22,1,5.41027e-01,1.00693e+00,1.29410e-01,5.41000e-03
-8.11525e-04,-4.99273e-02,2.79377e-02,-2.48638e-22,1,5.42027e-01,1.00793e+00,1.29410e-01,5.42000e-03
-8.24309e-04,-5.05945e-02,2.80052e-02,-2.50681e-22,1,5.43027e-01,1.00893e+00,1.29410e-01,5.43000e-03
-8.37142e-04,-5.12628e-02,2.80713e-02,-2.52728e-22,1,5.44027e-01,1.00993e+00,1.29410e-01,5.44000e-03
-8.49974e-04,-5.19310e-02,2.81374e-02,-2.54776e-22,1,5.45027e-01,1.01093e+00,1.29410e-01,5.45000e-03
-8.62807e-04,-5.25993e-02,2.82034e-02,-2.56824e-22,1,5.46027e-01,1.01193e+00,1.29410e-01,5.46000e-03
-8.75640e-04,-5.32676e-02,2.82695e-02,-2.58871e-22,1,5.47027e-01,1.01293e+00,1.29410e-01,5.47000e-03
-8.88471e-04,-5.39359e-02,2.83356e-02,-2.60919e-22,1,5.48027e-01,1.01393e+00,1.29410e-01,5.48000e-03
-9.01304e-04,-5.46042e-02,2.84017e-02,-2.62966e-22,1,5.49028e-01,1.01493e+00,1.29410e-01,5.49000e-03
-9.14136e-04,-5.52724e-02,2.84677e-02,-2.65014e-22,1,5.50027e-01,1.01593e+00,1.29410e-01,5.50000e-03
-9.26969e-04,-5.59407e-02,2.85338e-02,-2.67061e-22,1,5.51028e-01,1.01693e+00,1.29410e-01,5.51000e-03
-9.39802e-04,-5.66090e-02,2.85999e-02,-2.69109e-22,1,5.52028e-01,1.01793e+00,1.29410e-01,5.52000e-03
-9.52633e-04,-5.72772e-02,2.86660e-02,-2.71157e-22,1,5.53028e-01,1.01893e+00,1.29410e-01,5.53000e-03
-9.65466e-04,-5.79455e-02,2.87320e-02,-2.73204e-22,1,5.54028e-01,1.01993e+00,1.29410e-01,5.54000e-03
-9.78923e-04,-5.86221e-02,2.87814e-02,-2.75297e-22,1,5.55028e-01,1.02093e+00,1.29410e-01,5.55000e-03
-9.93108e-04,-5.93084e-02,2.88114e-02,-2.77442e-22,1,5.56028e-01,1.02193e+00,1.29410e-01,5.56000e-03
-1.00729e-03,-5.99947e-02,2.88414e-02,-2.79588e-22,1,5.57028e-01,1.02293e+00,1.29410e-01,5.57000e-03
-1.02148e-03,-6.06809e-02,2.88714e-02,-2.81733e-22,1,5.58028e-01,1.02393e+00,1.29410e-01,5.58000e-03
-1.03566e-03,-6.13672e-02,2.89014e-02,-2.83878e-22,1,5.59028e-01,1.02493e+00,1.29410e-01,5.59000e-03
-1.04984e-03,-6.20534e-02,2.89314e-02,-2.86023e-22,1,5.60028e-01,1.02593e+00,1.29410e-01,5.60000e-03
-1.06403e-03,-6.27397e-02,2.89614e-02,-2.88169e-22,1,5.61028e-01,1.02693e+00,1.29410e-01,5.61000e-03
-1.07821e-03,-6.34260e-02,2.89914e-02,-2.90314e-22,1,5.62028e-01,1.02793e+00,1.29410e-01,5.62000e-03
-1.09239e-03,-6.41122e-02,2.90214e-02,-2.92459e-22,1,5.63028e-01,1.02893e+00,1.29410e-01,5.63000e-03
-1.10658e-03,-6.47985e-02,2.90514e-02,-2.94605e-22,1,5.64028e-01,1.02993e+00,1.29410e-01,5.64000e-03
-1.12076e-03,-6.54848e-02,2.90814e-02,-2.96750e-22,1,5.65028e-01,1.03093e+00,1.29410e-01,5.65000e-03
-1.13495e-03,-6.61711e-02,2.91114e-02,-2.98895e-22,1,5.66028e-01,1.03193e+00,1.29410e-01,5.66000e-03
-1.14913e-03,-6.68573e-02,2.91414e-02,-3.01041e-22,1,5.67028e-01,1.03293e+00,1.29410e-01,5.67000e-03
-1.16468e-03,-6.75540e-02,2.91396e-02,-3.03259e-22,1,5.68028e-01,1.03393e+00,1.29410e-01,5.68000e-03
-1.18029e-03,-6.82511e-02,2.91366e-02,-3.05480e-22,1,5.69028e-01,1.03493e+00,1.29410e-01,5.69000e-03
-1.19590e-03,-6.89482e-02,2.91336e-02,-3.07701e-22,1,5.70029e-01,1.03593e+00,1.29410e-01,5.70000e-03
-1.21150e-03,-6.96452e-02,2.91306e-02,-3.09921e-22,1,5.71029e-01,1.03693e+00,1.29410e-01,5.71000e-03
-1.22711e-03,-7.03423e-02,2.91276e-02,-3.12142e-22,1,5.72029e-01,1.03793e+00,1.29410e-01,5.72000e-03
-1.24272e-03,-7.10394e-02,2.91245e-02,-3.14363e-22,1,5.73029e-01,1.03893e+00,1.29410e-01,5.73000e-03
-1.25832e-03,-7.17365e-02,2.91215e-02,-3.16584e-22,1,5.74029e-01,1.03993e+00,1.29410e-01,5.74000e-03
-1.27393e-03,-7.24336e-02,2.91185e-02,-3.18805e-22,1,5.75029e-01,1.04093e+00,1.29410e-01,5.75000e-03
-1.28954e-03,-7.31306e-02,2.91155e-02,-3.21026e-22,1,5.76029e-01,1.04193e+00,1.29410e-01,5.76000e-03
-1.30514e-03,-7.38277e-02,2.91125e-02,-3.23247e-22,1,5.77029e-01,1.04293e+00,1.29410e-01,5.77000e-03
-1.32075e-03,-7.45248e-02,2.91095e-02,-3.25468e-22,1,5.78029e-01,1.04393e+00,1.29410e-01,5.78000e-03
-1.33635e-03,-7.52219e-02,2.91064e-02,-3.27689e-22,1,5.79029e-01,1.04493e+00,1.29410e-01,5.79000e-03
-1.35265e-03,-7.59214e-02,2.90898e-02,-3.29940e-22,1,5.80029e-01,1.04593e+00,1.29410e-01,5.80000e-03
-1.36973e-03,-7.66237e-02,2.90575e-02,-3.32225e-22,1,5.81029e-01,1.04693e+00,1.29410e-01,5.81000e-03
-1.38682e-03,-7.73260e-02,2.90251e-02,-3.34511e-22,1,5.82029e-01,1.04793e+00,1.29410e-01,5.82000e-03
-1.40390e-03,-7.80283e-02,2.89928e-02,-3.36797e-22,1,5.83029e-01,1.04893e+00,1.29410e-01,5.83000e-03
-1.42099e-03,-7.87307e-02,2.89605e-02,-3.39083e-22,1,5.84029e-01,1.04993e+00,1.29410e-01,5.84000e-03
-1.43807e-03,-7.94330e-02,2.89281e-02,-3.41369e-22,1,5.85029e-01,1.05093e+00,1.29410e-01,5.85000e-03
-1.45516e-03,-8.01353e-02,2.88958e-02,-3.43655e-22,1,5.86029e-01,1.05193e+00,1.29410e-01,5.86000e-03
-1.47224e-03,-8.08377e-02,2.88634e-02,-3.45941e-22,1,5.87029e-01,1.05293e+00,1.29410e-01,5.87000e-03
-1.48933e-03,-8.15400e-02,2.88311e-02,-3.48227e-22,1,5.88029e-01,1.05393e+00,1.29410e-01,5.88000e-03
-1.50642e-03,-8.22423e-02,2.87987e-02,-3.50512e-22,1,5.89029e-01,1.05493e+00,1.29410e-01,5.89000e-03
-1.52350e-03,-8.29447e-02,2.87664e-02,-3.52798e-22,1,5.90030e-01,1.05593e+00,1.29410e-01,5.90000e-03
-1.54059e-03,-8.36469e-02,2.87340e-02,-3.55084e-22,1,5.91030e-01,1.05693e+00,1.29410e-01,5.91000e-03
-1.55767e-03,-8.43493e-02,2.87017e-02,-3.57370e-22,1,5.92030e-01,1.05793e+00,1.29410e-01,5.92000e-03
-1.57623e-03,-8.50529e-02,2.86449e-02,-3.59724e-22,1,5.93030e-01,1.05893e+00,1.29410e-01,5.93000e-03
-1.59484e-03,-8.57564e-02,2.85871e-02,-3.62080e-22,1,5.94030e-01,1.05993e+00,1.29410e-01,5.94000e-03
-1.61346e-03,-8.64600e-02,2.85293e-02,-3.64436e-22,1,5.95030e-01,1.06093e+00,1.29410e-01,5.95000e-03
-1.63207e-03,-8.71635e-02,2.84716e-02,-3.66792e-22,1,5.96030e-01,1.06193e+00,1.29410e-01,5.96000e-03
-1.65069e-03,-8.78672e-02,2.84138e-02,-3.69148e-22,1,5.97030e-01,1.06293e+00,1.29410e-01,5.97000e-03
-1.66930e-03,-8.85708e-02,2.83560e-02,-3.71505e-22,1,5.98030e-01,1.06393e+00,1.29410e-01,5.98000e-03
-1.68791e-03,-8.92743e-02,2.82983e-02,-3.73860e-22,1,5.99030e-01,1.06493e+00,1.29410e-01,5.99000e-03
-1.70653e-03,-8.99779e-02,2.82405e-02,-3.76217e-22,1,6.00030e-01,1.06593e+00,1.29410e-01,6.00000e-03
-1.72514e-03,-9.06814e-02,2.81828e-02,-3.78573e-22,1,6.01030e-01,1.06693e+00,1.29410e-01,6.01000e-03
-1.74375e-03,-9.13851e-02,2.81250e-02,-3.80929e-22,1,6.02030e-01,1.06793e+00,1.29410e-01,6.02000e-03
-1.76237e-03,-9.20887e-02,2.80672e-02,-3.83285e-22,1,6.03030e-01,1.06893e+00,1.29410e-01,6.03000e-03
-1.78098e-03,-9.27922e-02,2.80095e-02,-3.85641e-22,1,6.04030e-01,1.06993e+00,1.29410e-01,6.04000e-03
-1.80033e-03,-9.34952e-02,2.79417e-02,-3.88040e-22,1,6.05030e-01,1.07093e+00,1.29410e-01,6.05000e-03
-1.82052e-03,-9.41975e-02,2.78624e-02,-3.90488e-22,1,6.06030e-01,1.07193e+00,1.29410e-01,6.06000e-03
-1.84072e-03,-9.48998e-02,2.77830e-02,-3.92937e-22,1,6.07030e-01,1.07293e+00,1.29410e-01,6.07000e-03
-1.86091e-03,-9.56022e-02,2.77037e-02,-3.95385e-22,1,6.08030e-01,1.07393e+00,1.29410e-01,6.08000e-03
-1.88111e-03,-9.63044e-02,2.76244e-02,-3.97833e-22,1,6.09030e-01,1.07493e+00,1.29410e-01,6.09000e-03
-1.90130e-03,-9.70068e-02,2.75450e-02,-4.00282e-22,1,6.10031e-01,1.07593e+00,1.29410e-01,6.10000e-03
-1.92150e-03,-9.77090e-02,2.74657e-02,-4.02730e-22,1,6.11031e-01,1.07693e+00,1.29410e-01,6.11000e-03
-1.94169e-03,-9.84114e-02,2.73863e-02,-4.05179e-22,1,6.12031e-01,1.07793e+00,1.29410e-01,6.12000e-03
-1.96189e-03,-9.91137e-02,2.73070e-02,-4.07627e-22,1,6.13031e-01,1.07893e+00,1.29410e-01,6.13000e-03
-1.98208e-03,-9.98160e-02,2.72277e-02,-4.10075e-22,1,6.14031e-01,1.07993e+00,1.29410e-01,6.14000e-03
-2.00228e-03,-1.00518e-01,2.71483e-02,-4.12524e-22,1,6.15031e-01,1.08093e+00,1.29410e-01,6.15000e-03
-2.02248e-03,-1.01221e-01,2.70690e-02,-4.14972e-22,1,6.16031e-01,1.08193e+00,1.29410e-01,6.16000e-03
-2.04267e-03,-1.01923e-01,2.69896e-02,-4.17420e-22,1,6.17031e-01,1.08293e+00,1.29410e-01,6.17000e-03
-2.06445e-03,-1.02623e-01,2.68930e-02,-4.19993e-22,1,6.18031e-01,1.08393e+00,1.29410e-01,6.18000e-03
-2.08629e-03,-1.03322e-01,2.67956e-02,-4.22570e-22,1,6.19031e-01,1.08493e+00,1.29410e-01,6.19000e-03
-2.10813e-03,-1.04022e-01,2.66983e-02,-4.25148e-22,1,6.20031e-01,1.08593e+00,1.29410e-01,6.20000e-03
-2.12998e-03,-1.04722e-01,2.66010e-02,-4.27725e-22,1,6.21031e-01,1.08693e+00,1.29410e-01,6.21000e-03
-2.15182e-03,-1.05422e-01,2.65036e-02,-4.30302e-22,1,6.22031e-01,1.08793e+00,1.29410e-01,6.22000e-03
-2.17366e-03,-1.06121e-01,2.64063e-02,-4.32880e-22,1,6.23031e-01,1.08893e+00,1.29410e-01,6.23000e-03
-2.19550e-03,-1.06821e-01,2.63090e-02,-4.35457e-22,1,6.24031e-01,1.08993e+00,1.29410e-01,6.24000e-03
-2.21734e-03,-1.07521e-01,2.62116e-02,-4.38034e-22,1,6.25031e-01,1.09093e+00,1.29410e-01,6.25000e-03
-2.23918e-03,-1.08220e-01,2.61143e-02,-4.40612e-22,1,6.26031e-01,1.09193e+00,1.29410e-01,6.26000e-03
-2.26102e-03,-1.08920e-01,2.60169e-02,-4.43189e-22,1,6.27031e-01,1.09293e+00,1.29410e-01,6.27000e-03
-2.28287e-03,-1.09620e-01,2.59196e-02,-4.45766e-22,1,6.28031e-01,1.09393e+00,1.29410e-01,6.28000e-03
-2.30471e-03,-1.10319e-01,2.58223e-02,-4.48343e-22,1,6.29031e-01,1.09493e+00,1.29410e-01,6.29000e-03
-2.32735e-03,-1.11018e-01,2.57181e-02,-4.51003e-22,1,6.30031e-01,1.09593e+00,1.29410e-01,6.30000e-03
-2.35093e-03,-1.11715e-01,2.56060e-02,-4.53758e-22,1,6.31032e-01,1.09693e+00,1.29410e-01,6.31000e-03
-2.37451e-03,-1.12412e-01,2.54938e-02,-4.56513e-22,1,6.32032e-01,1.09793e+00,1.29410e-01,6.32000e-03
-2.39809e-03,-1.13108e-01,2.53817e-02,-4.59268e-22,1,6.33032e-01,1.09893e+00,1.29410e-01,6.33000e-03
-2.42166e-03,-1.13805e-01,2.52696e-02,-4.62023e-22,1,6.34032e-01,1.09993e+00,1.29410e-01,6.34000e-03
-2.44524e-03,-1.14502e-01,2.51574e-02,-4.64778e-22,1,6.35032e-01,1.10093e+00,1.29410e-01,6.35000e-03
-2.46882e-03,-1.15199e-01,2.50453e-02,-4.67534e-22,1,6.36032e-01,1.10193e+00,1.29410e-01,6.36000e-03
-2.49239e-03,-1.15896e-01,2.49332e-02,-4.70289e-22,1,6.37032e-01,1.10293e+00,1.29410e-01,6.37000e-03
-2.51597e-03,-1.16593e-01,2.48211e-02,-4.73044e-22,1,6.38032e-01,1.10393e+00,1.29410e-01,6.38000e-03
-2.53955e-03,-1.17289e-01,2.47089e-02,-4.75799e-22,1,6.39032e-01,1.10493e+00,1.29410e-01,6.39000e-03
-2.56313e-03,-1.17986e-01,2.45968e-02,-4.78554e-22,1,6.40032e-01,1.10593e+00,1.29410e-01,6.40000e-03
-2.58670e-03,-1.18683e-01,2.44847e-02,-4.81309e-22,1,6.41032e-01,1.10693e+00,1.29410e-01,6.41000e-03
-2.61028e-03,-1.19380e-01,2.43725e-02,-4.84064e-22,1,6.42032e-01,1.10793e+00,1.29410e-01,6.42000e-03
-2.63565e-03,-1.20074e-01,2.42488e-02,-4.87046e-22,1,6.43032e-01,1.10893e+00,1.29410e-01,6.43000e-03
-2.66108e-03,-1.20769e-01,2.41247e-02,-4.90037e-22,1,6.44032e-01,1.10993e+00,1.29410e-01,6.44000e-03
-2.68651e-03,-1.21463e-01,2.40005e-02,-4.93027e-22,1,6.45032e-01,1.11093e+00,1.29410e-01,6.45000e-03
-2.71194e-03,-1.22158e-01,2.38764e-02,-4.96018e-22,1,6.46032e-01,1.11193e+00,1.29410e-01,6.46000e-03
-2.73737e-03,-1.22852e-01,2.37522e-02,-4.99008e-22,1,6.47032e-01,1.11293e+00,1.29410e-01,6.47000e-03
-2.76281e-03,-1.23547e-01,2.36281e-02,-5.01999e-22,1,6.48032e-01,1.11393e+00,1.29410e-01,6.48000e-03
-2.78824e-03,-1.24241e-01,2.35039e-02,-5.04989e-22,1,6.49032e-01,1.11493e+00,1.29410e-01,6.49000e-03
-2.81367e-03,-1.24936e-01,2.33798e-02,-5.07980e-22,1,6.50032e-01,1.11593e+00,1.29410e-01,6.50000e-03
-2.83911e-03,-1.25630e-01,2.32556e-02,-5.10970e-22,1,6.51033e-01,1.11693e+00,1.29410e-01,6.51000e-03
-2.86454e-03,-1.26324e-01,2.31315e-02,-5.13961e-22,1,6.52033e-01,1.11793e+00,1.29410e-01,6.52000e-03
-2.88997e-03,-1.27019e-01,2.30073e-02,-5.16951e-22,1,6.53033e-01,1.11893e+00,1.29410e-01,6.53000e-03
-2.91540e-03,-1.27713e-01,2.28831e-02,-5.19942e-22,1,6.54033e-01,1.11993e+00,1.29410e-01,6.54000e-03
-2.94176e-03,-1.28407e-01,2.27545e-02,-5.23070e-22,1,6.55033e-01,1.12093e+00,1.29410e-01,6.55000e-03
-2.96921e-03,-1.29101e-01,2.26206e-02,-5.26359e-22,1,6.56033e-01,1.12193e+00,1.29410e-01,6.56000e-03
-2.99665e-03,-1.29794e-01,2.24867e-02,-5.29648e-22,1,6.57033e-01,1.12293e+00,1.29410e-01,6.57000e-03
-3.02409e-03,-1.30487e-01,2.23528e-02,-5.32937e-22,1,6.58033e-01,1.12393e+00,1.29410e-01,6.58000e-03
-3.05154e-03,-1.31180e-01,2.22189e-02,-5.36225e-22,1,6.59033e-01,1.12493e+00,1.29410e-01,6.59000e-03
-3.07898e-03,-1.31873e-01,2.20850e-02,-5.39514e-22,1,6.60033e-01,1.12593e+00,1.29410e-01,6.60000e-03
-3.10642e-03,-1.32567e-01,2.19511e-02,-5.42803e-22,1,6.61033e-01,1.12693e+00,1.29410e-01,6.61000e-03
-3.13386e-03,-1.33260e-01,2.18172e-02,-5.46091e-22,1,6.62033e-01,1.12793e+00,1.29410e-01,6.62000e-03
-3.16131e-03,-1.33953e-01,2.16833e-02,-5.49380e-22,1,6.63033e-01,1.12893e+00,1.29410e-01,6.63000e-03
-3.18875e-03,-1.34646e-01,2.15494e-02,-5.52669e-22,1,6.64033e-01,1.12993e+00,1.29410e-01,6.64000e-03
-3.21619e-03,-1.35340e-01,2.14156e-02,-5.55958e-22,1,6.65033e-01,1.13093e+00,1.29410e-01,6.65000e-03
-3.24363e-03,-1.36033e-01,2.12817e-02,-5.59247e-22,1,6.66033e-01,1.13193e+00,1.29410e-01,6.66000e-03
-3.27108e-03,-1.36726e-01,2.11478e-02,-5.62535e-22,1,6.67033e-01,1.13293e+00,1.29410e-01,6.67000e-03
-3.30064e-03,-1.37420e-01,2.10062e-02,-5.66174e-22,1,6.68033e-01,1.13393e+00,1.29410e-01,6.68000e-03
-3.33029e-03,-1.38113e-01,2.08643e-02,-5.69826e-22,1,6.69033e-01,1.13493e+00,1.29410e-01,6.69000e-03
-3.35994e-03,-1.38807e-01,2.07225e-02,-5.73478e-22,1,6.70033e-01,1.13593e+00,1.29410e-01,6.70000e-03
-3.38959e-03,-1.39501e-01,2.05806e-02,-5.77130e-22,1,6.71034e-01,1.13693e+00,1.29410e-01,6.71000e-03
-3.41924e-03,-1.40194e-01,2.04387e-02,-5.80783e-22,1,6.72034e-01,1.13793e+00,1.29410e-01,6.72000e-03
-3.44888e-03,-1.40888e-01,2.02969e-02,-5.84435e-22,1,6.73034e-01,1.13893e+00,1.29410e-01,6.73000e-03
-3.47853e-03,-1.41582e-01,2.01550e-02,-5.88087e-22,1,6.74034e-01,1.13993e+00,1.29410e-01,6.74000e-03
-3.50818e-03,-1.42275e-01,2.00131e-02,-5.91739e-22,1,6.75034e-01,1.14093e+00,1.29410e-01,6.75000e-03
-3.53783e-03,-1.42969e-01,1.98713e-02,-5.95391e-22,1,6.76034e-01,1.14193e+00,1.29410e-01,6.76000e-03
-3.56748e-03,-1.43662e-01,1.97294e-02,-5.99044e-22,1,6.77034e-01,1.14293e+00,1.29410e-01,6.77000e-03
-3.59712e-03,-1.44356e-01,1.95876e-02,-6.02695e-22,1,6.78034e-01,1.14393e+00,1.29410e-01,6.78000e-03
-3.62677e-03,-1.45050e-01,1.94457e-02,-6.06348e-22,1,6.79034e-01,1.14493e+00,1.29410e-01,6.79000e-03
-3.65755e-03,-1.45744e-01,1.93007e-02,-6.10197e-22,1,6.80034e-01,1.14593e+00,1.29410e-01,6.80000e-03
-3.68964e-03,-1.46440e-01,1.91521e-02,-6.14276e-22,1,6.81034e-01,1.14693e+00,1.29410e-01,6.81000e-03
-3.72173e-03,-1.47136e-01,1.90034e-02,-6.18354e-22,1,6.82034e-01,1.14793e+00,1.29410e-01,6.82000e-03
-3.75382e-03,-1.47832e-01,1.88548e-02,-6.22433e-22,1,6.83034e-01,1.14893e+00,1.29410e-01,6.83000e-03
-3.78591e-03,-1.48528e-01,1.87062e-02,-6.26511e-22,1,6.84034e-01,1.14993e+00,1.29410e-01,6.84000e-03
-3.81799e-03,-1.49224e-01,1.85576e-02,-6.30589e-22,1,6.85034e-01,1.15093e+00,1.29410e-01,6.85000e-03
-3.85008e-03,-1.49920e-01,1.84089e-02,-6.34668e-22,1,6.86034e-01,1.15193e+00,1.29410e-01,6.86000e-03
-3.88217e-03,-1.50616e-01,1.82603e-02,-6.38747e-22,1,6.87034e-01,1.15293e+00,1.29410e-01,6.87000e-03
-3.91426e-03,-1.51312e-01,1.81117e-02,-6.42825e-22,1,6.88034e-01,1.15393e+00,1.29410e-01,6.88000e-03
-3.94635e-03,-1.52008e-01,1.79630e-02,-6.46904e-22,1,6.89034e-01,1.15493e+00,1.29410e-01,6.89000e-03
-3.97844e-03,-1.52704e-01,1.78144e-02,-6.50982e-22,1,6.90035e-01,1.15593e+00,1.29410e-01,6.90000e-03
-4.01053e-03,-1.53400e-01,1.76658e-02,-6.55061e-22,1,6.91035e-01,1.15693e+00,1.29410e-01,6.91000e-03
-4.04262e-03,-1.54096e-01,1.75171e-02,-6.59139e-22,1,6.92035e-01,1.15793e+00,1.29410e-01,6.92000e-03
-4.07732e-03,-1.54796e-01,1.73626e-02,-6.63679e-22,1,6.93035e-01,1.15893e+00,1.29410e-01,6.93000e-03
-4.11213e-03,-1.55496e-01,1.72078e-02,-6.68238e-22,1,6.94035e-01,1.15993e+00,1.29410e-01,6.94000e-03
-4.14693e-03,-1.56196e-01,1.70530e-02,-6.72796e-22,1,6.95035e-01,1.16093e+00,1.29410e-01,6.95000e-03
-4.18174e-03,-1.56897e-01,1.68982e-02,-6.77354e-22,1,6.96035e-01,1.16193e+00,1.29410e-01,6.96000e-03
-4.21654e-03,-1.57597e-01,1.67434e-02,-6.81913e-22,1,6.97035e-01,1.16293e+00,1.29410e-01,6.97000e-03
-4.25135e-03,-1.58297e-01,1.65886e-02,-6.86470e-22,1,6.98035e-01,1.16393e+00,1.29410e-01,6.98000e-03
-4.28615e-03,-1.58998e-01,1.64338e-02,-6.91029e-22,1,6.99035e-01,1.16493e+00,1.29410e-01,6.99000e-03
-4.32096e-03,-1.59698e-01,1.62790e-02,-6.95587e-22,1,7.00035e-01,1.16593e+00,1.29410e-01,7.00000e-03
-4.35576e-03,-1.60398e-01,1.61242e-02,-7.00145e-22,1,7.01035e-01,1.16693e+00,1.29410e-01,7.01000e-03
-4.39057e-03,-1.61099e-01,1.59694e-02,-7.04704e-22,1,7.02035e-01,1.16793e+00,1.29410e-01,7.02000e-03
-4.42537e-03,-1.61799e-01,1.58147e-02,-7.09261e-22,1,7.03035e-01,1.16893e+00,1.29410e-01,7.03000e-03
-4.46018e-03,-1.62499e-01,1.56599e-02,-7.13820e-22,1,7.04035e-01,1.16993e+00,1.29410e-01,7.04000e-03
-4.49638e-03,-1.63202e-01,1.55022e-02,-7.18615e-22,1,7.05035e-01,1.17093e+00,1.29410e-01,7.05000e-03
-4.53421e-03,-1.63909e-01,1.53412e-02,-7.23685e-22,1,7.06035e-01,1.17193e+00,1.29410e-01,7.06000e-03
-4.57204e-03,-1.64616e-01,1.51802e-02,-7.28755e-22,1,7.07035e-01,1.17293e+00,1.29410e-01,7.07000e-03
-4.60987e-03,-1.65323e-01,1.50192e-02,-7.33824e-22,1,7.08035e-01,1.17393e+00,1.29410e-01,7.08000e-03
-4.64770e-03,-1.66029e-01,1.48582e-02,-7.38895e-22,1,7.09035e-01,1.17493e+00,1.29410e-01,7.09000e-03
-4.68553e-03,-1.66736e-01,1.46971e-02,-7.43965e-22,1,7.10036e-01,1.17593e+00,1.29410e-01,7.10000e-03
-4.72335e-03,-1.67443e-01,1.45362e-02,-7.49034e-22,1,7.11035e-01,1.17693e+00,1.29410e-01,7.11000e-03
-4.76118e-03,-1.68150e-01,1.43751e-02,-7.54104e-22,1,7.12036e-01,1.17793e+00,1.29410e-01,7.12000e-03
-4.79901e-03,-1.68857e-01,1.42141e-02,-7.59174e-22,1,7.13036e-01,1.17893e+00,1.29410e-01,7.13000e-03
-4.83684e-03,-1.69563e-01,1.40531e-02,-7.64244e-22,1,7.14036e-01,1.17993e+00,1.29410e-01,7.14000e-03
-4.87467e-03,-1.70270e-01,1.38921e-02,-7.69314e-22,1,7.15036e-01,1.18093e+00,1.29410e-01,7.15000e-03
-4.91250e-03,-1.70977e-01,1.37311e-02,-7.74384e-22,1,7.16036e-01,1.18193e+00,1.29410e-01,7.16000e-03
-4.95033e-03,-1.71683e-01,1.35701e-02,-7.79454e-22,1,7.17036e-01,1.18293e+00,1.29410e-01,7.17000e-03
-4.99138e-03,-1.72398e-01,1.34024e-02,-7.85013e-22,1,7.18036e-01,1.18393e+00,1.29410e-01,7.18000e-03
-5.03256e-03,-1.73113e-01,1.32344e-02,-7.90590e-22,1,7.19036e-01,1.18493e+00,1.29410e-01,7.19000e-03
-5.07374e-03,-1.73828e-01,1.30665e-02,-7.96168e-22,1,7.20036e-01,1.18593e+00,1.29410e-01,7.20000e-03
-5.11492e-03,-1.74543e-01,1.28985e-02,-8.01746e-22,1,7.21036e-01,1.18693e+00,1.29410e-01,7.21000e-03
-5.15610e-03,-1.75258e-01,1.27305e-02,-8.07323e-22,1,7.22036e-01,1.18793e+00,1.29410e-01,7.22000e-03
-5.19728e-03,-1.75973e-01,1.25626e-02,-8.12901e-22,1,7.23036e-01,1.18893e+00,1.29410e-01,7.23000e-03
-5.23845e-03,-1.76688e-01,1.23946e-02,-8.18479e-22,1,7.24036e-01,1.18993e+00,1.29410e-01,7.24000e-03
-5.27963e-03,-1.77403e-01,1.22266e-02,-8.24057e-22,1,7.25036e-01,1.19093e+00,1.29410e-01,7.25000e-03
-5.32081e-03,-1.78118e-01,1.20587e-02,-8.29634e-22,1,7.26036e-01,1.19193e+00,1.29410e-01,7.26000e-03
-5.36199e-03,-1.78833e-01,1.18907e-02,-8.35212e-22,1,7.27036e-01,1.19293e+00,1.29410e-01,7.27000e-03
-5.40317e-03,-1.79548e-01,1.17227e-02,-8.40790e-22,1,7.28036e-01,1.19393e+00,1.29410e-01,7.28000e-03
-5.44434e-03,-1.80263e-01,1.15548e-02,-8.46367e-22,1,7.29036e-01,1.19493e+00,1.29410e-01,7.29000e-03
-5.48722e-03,-1.80982e-01,1.13829e-02,-8.52155e-22,1,7.30036e-01,1.19593e+00,1.29410e-01,7.30000e-03
-5.53207e-03,-1.81706e-01,1.12066e-02,-8.58185e-22,1,7.31036e-01,1.19693e+00,1.29410e-01,7.31000e-03
-5.57692e-03,-1.82431e-01,1.10302e-02,-8.64217e-22,1,7.32037e-01,1.19793e+00,1.29410e-01,7.32000e-03
-5.62177e-03,-1.83155e-01,1.08538e-02,-8.70248e-22,1,7.33037e-01,1.19893e+00,1.29410e-01,7.33000e-03
-5.66661e-03,-1.83880e-01,1.06774e-02,-8.76278e-22,1,7.34037e-01,1.19993e+00,1.29410e-01,7.34000e-03
-5.71147e-03,-1.84604e-01,1.05011e-02,-8.82310e-22,1,7.35037e-01,1.20093e+00,1.29410e-01,7.35000e-03
-5.75631e-03,-1.85329e-01,1.03247e-02,-8.88340e-22,1,7.36037e-01,1.20193e+00,1.29410e-01,7.36000e-03
-5.80116e-03,-1.86053e-01,1.01483e-02,-8.94371e-22,1,7.37037e-01,1.20293e+00,1.29410e-01,7.37000e-03
-5.84601e-03,-1.86778e-01,9.97195e-03,-9.00403e-22,1,7.38037e-01,1.20393e+00,1.29410e-01,7.38000e-03
-5.89086e-03,-1.87502e-01,9.79559e-03,-9.06433e-22,1,7.39037e-01,1.20493e+00,1.29410e-01,7.39000e-03
-5.93571e-03,-1.88227e-01,9.61921e-03,-9.12464e-22,1,7.40037e-01,1.20593e+00,1.29410e-01,7.40000e-03
-5.98056e-03,-1.88951e-01,9.44284e-03,-9.18496e-22,1,7.41037e-01,1.20693e+00,1.29410e-01,7.41000e-03
-6.02541e-03,-1.89675e-01,9.26648e-03,-9.24526e-22,1,7.42037e-01,1.20793e+00,1.29410e-01,7.42000e-03
-6.07406e-03,-1.90409e-01,9.07996e-03,-9.30876e-22,1,7.43037e-01,1.20893e+00,1.29410e-01,7.43000e-03
-6.12286e-03,-1.91144e-01,8.89307e-03,-9.37237e-22,1,7.44037e-01,1.20993e+00,1.29410e-01,7.44000e-03
-6.17167e-03,-1.91878e-01,8.70616e-03,-9.43599e-22,1,7.45037e-01,1.21093e+00,1.29410e-01,7.45000e-03
-6.22047e-03,-1.92613e-01,8.51925e-03,-9.49961e-22,1,7.46037e-01,1.21193e+00,1.29410e-01,7.46000e-03
-6.26927e-03,-1.93347e-01,8.33236e-03,-9.56322e-22,1,7.47037e-01,1.21293e+00,1.29410e-01,7.47000e-03
-6.31808e-03,-1.94081e-01,8.14545e-03,-9.62684e-22,1,7.48037e-01,1.21393e+00,1.29410e-01,7.48000e-03
-6.36687e-03,-1.94816e-01,7.95856e-03,-9.69045e-22,1,7.49037e-01,1.21493e+00,1.29410e-01,7.49000e-03
-6.41568e-03,-1.95550e-01,7.77165e-03,-9.75407e-22,1,7.50037e-01,1.21593e+00,1.29410e-01,7.50000e-03
-6.46448e-03,-1.96285e-01,7.58474e-03,-9.81769e-22,1,7.51038e-01,1.21693e+00,1.29410e-01,7.51000e-03
-6.51328e-03,-1.97019e-01,7.39785e-03,-9.88131e-22,1,7.52038e-01,1.21793e+00,1.29410e-01,7.52000e-03
-6.56209e-03,-1.97753e-01,7.21094e-03,-9.94493e-22,1,7.53038e-01,1.21893e+00,1.29410e-01,7.53000e-03
-6.61088e-03,-1.98488e-01,7.02406e-03,-1.00085e-21,1,7.54038e-01,1.21993e+00,1.29410e-01,7.54000e-03
-6.66161e-03,-1.99226e-01,6.83101e-03,-1.00727e-21,1,7.55038e-01,1.22093e+00,1.29410e-01,7.55000e-03
-6.71457e-03,-1.99970e-01,6.63084e-03,-1.01375e-21,1,7.56038e-01,1.22193e+00,1.29410e-01,7.56000e-03
-6.76753e-03,-2.00713e-01,6.43069e-03,-1.02023e-21,1,7.57038e-01,1.22293e+00,1.29410e-01,7.57000e-03
-6.82049e-03,-2.01457e-01,6.23052e-03,-1.02671e-21,1,7.58038e-01,1.22393e+00,1.29410e-01,7.58000e-03
-6.87344e-03,-2.02200e-01,6.03037e-03,-1.03320e-21,1,7.59038e-01,1.22493e+00,1.29410e-01,7.59000e-03
-6.92640e-03,-2.02944e-01,5.83020e-03,-1.03968e-21,1,7.60038e-01,1.22593e+00,1.29410e-01,7.60000e-03
-6.97936e-03,-2.03688e-01,5.63003e-03,-1.04616e-21,1,7.61038e-01,1.22693e+00,1.29410e-01,7.61000e-03
-7.03231e-03,-2.04431e-01,5.42988e-03,-1.05264e-21,1,7.62038e-01,1.22793e+00,1.29410e-01,7.62000e-03
-7.08527e-03,-2.05175e-01,5.22971e-03,-1.05912e-21,1,7.63038e-01,1.22893e+00,1.29410e-01,7.63000e-03
-7.13823e-03,-2.05918e-01,5.02953e-03,-1.06560e-21,1,7.64038e-01,1.22993e+00,1.29410e-01,7.64000e-03
-7.19119e-03,-2.06662e-01,4.82939e-03,-1.07208e-21,1,7.65038e-01,1.23093e+00,1.29410e-01,7.65000e-03
-7.24415e-03,-2.07405e-01,4.62922e-03,-1.07856e-21,1,7.66038e-01,1.23193e+00,1.29410e-01,7.66000e-03
-7.29710e-03,-2.08149e-01,4.42907e-03,-1.08504e-21,1,7.67038e-01,1.23293e+00,1.29410e-01,7.67000e-03
-7.35412e-03,-2.08899e-01,4.21306e-03,-1.09133e-21,1,7.68038e-01,1.23393e+00,1.29410e-01,7.68000e-03
-7.41130e-03,-2.09650e-01,3.99645e-03,-1.09760e-21,1,7.69038e-01,1.23493e+00,1.29410e-01,7.69000e-03
-7.46848e-03,-2.10400e-01,3.77986e-03,-1.10388e-21,1,7.70038e-01,1.23593e+00,1.29410e-01,7.70000e-03
-7.52566e-03,-2.11150e-01,3.56325e-03,-1.11015e-21,1,7.71039e-01,1.23693e+00,1.29410e-01,7.71000e-03
-7.58283e-03,-2.11901e-01,3.34666e-03,-1.11643e-21,1,7.72039e-01,1.23793e+00,1.29410e-01,7.72000e-03
-7.64001e-03,-2.12651e-01,3.13004e-03,-1.12271e-21,1,7.73039e-01,1.23893e+00,1.29410e-01,7.73000e-03
-7.69719e-03,-2.13401e-01,2.91343e-03,-1.12898e-21,1,7.74039e-01,1.23993e+00,1.29410e-01,7.74000e-03
-7.75436e-03,-2.14152e-01,2.69684e-03,-1.13526e-21,1,7.75039e-01,1.24093e+00,1.29410e-01,7.75000e-03
-7.81154e-03,-2.14902e-01,2.48023e-03,-1.14153e-21,1,7.76039e-01,1.24193e+00,1.29410e-01,7.76000e-03
-7.86872e-03,-2.15652e-01,2.26364e-03,-1.14781e-21,1,7.77039e-01,1.24293e+00,1.29410e-01,7.77000e-03
-7.92590e-03,-2.16403e-01,2.04702e-03,-1.15408e-21,1,7.78039e-01,1.24393e+00,1.29410e-01,7.78000e-03
-7.98308e-03,-2.17153e-01,1.83041e-03,-1.16036e-21,1,7.79039e-01,1.24493e+00,1.29410e-01,7.79000e-03
-8.04213e-03,-2.17905e-01,1.60464e-03,-1.16633e-21,1,7.80039e-01,1.24593e+00,1.29410e-01,7.80000e-03
-8.10338e-03,-2.18657e-01,1.36819e-03,-1.17193e-21,1,7.81039e-01,1.24693e+00,1.29410e-01,7.81000e-03
-8.16463e-03,-2.19410e-01,1.13176e-03,-1.17754e-21,1,7.82039e-01,1.24793e+00,1.29410e-01,7.82000e-03
-8.22588e-03,-2.20163e-01,8.95311e-04,-1.18315e-21,1,7.83039e-01,1.24893e+00,1.29410e-01,7.83000e-03
-8.28713e-03,-2.20915e-01,6.58859e-04,-1.18876e-21,1,7.84039e-01,1.24993e+00,1.29410e-01,7.84000e-03
-8.34837e-03,-2.21668e-01,4.22435e-04,-1.19436e-21,1,7.85039e-01,1.25093e+00,1.29410e-01,7.85000e-03
-8.40962e-03,-2.22421e-01,1.85983e-04,-1.19997e-21,1,7.86039e-01,1.25193e+00,1.29410e-01,7.86000e-03
-8.47086e-03,-2.23173e-01,-5.04410e-05,-1.20558e-21,1,7.87039e-01,1.25293e+00,1.29410e-01,7.87000e-03
-8.53212e-03,-2.23926e-01,-2.86893e-04,-1.21119e-21,1,7.88039e-01,1.25393e+00,1.29410e-01,7.88000e-03
-8.59337e-03,-2.24679e-01,-5.23345e-04,-1.21679e-21,1,7.89039e-01,1.25493e+00,1.29410e-01,7.89000e-03
-8.65461e-03,-2.25431e-01,-7.59769e-04,-1.22240e-21,1,7.90039e-01,1.25593e+00,1.29410e-01,7.90000e-03
-8.71586e-03,-2.26184e-01,-9.96221e-04,-1.22801e-21,1,7.91040e-01,1.25693e+00,1.29410e-01,7.91000e-03
-8.77711e-03,-2.26937e-01,-1.23267e-03,-1.23362e-21,1,7.92040e-01,1.25793e+00,1.29410e-01,7.92000e-03
-8.84184e-03,-2.27685e-01,-1.49137e-03,-1.23798e-21,1,7.93040e-01,1.25893e+00,1.29410e-01,7.93000e-03
-8.90672e-03,-2.28433e-01,-1.75095e-03,-1.24231e-21,1,7.94040e-01,1.25993e+00,1.29410e-01,7.94000e-03
-8.97158e-03,-2.29181e-01,-2.01050e-03,-1.24663e-21,1,7.95040e-01,1.26093e+00,1.29410e-01,7.95000e-03
-9.03646e-03,-2.29929e-01,-2.27009e-03,-1.25095e-21,1,7.96040e-01,1.26193e+00,1.29410e-01,7.96000e-03
-9.10133e-03,-2.30677e-01,-2.52967e-03,-1.25527e-21,1,7.97040e-01,1.26293e+00,1.29410e-01,7.97000e-03
-9.16620e-03,-2.31424e-01,-2.78922e-03,-1.25959e-21,1,7.98040e-01,1.26393e+00,1.29410e-01,7.98000e-03
-9.23108e-03,-2.32172e-01,-3.04881e-03,-1.26391e-21,1,7.99040e-01,1.26493e+00,1.29410e-01,7.99000e-03
-9.29594e-03,-2.32920e-01,-3.30836e-03,-1.26823e-21,1,8.00040e-01,1.26593e+00,1.29410e-01,8.00000e-03
-9.36082e-03,-2.33668e-01,-3.56794e-03,-1.27255e-21,1,8.01040e-01,1.26693e+00,1.29410e-01,8.01000e-03
-9.42569e-03,-2.34416e-01,-3.82753e-03,-1.27687e-21,1,8.02040e-01,1.26793e+00,1.29410e-01,8.02000e-03
-9.49056e-03,-2.35164e-01,-4.08708e-03,-1.28120e-21,1,8.03040e-01,1.26893e+00,1.29410e-01,8.03000e-03
-9.55544e-03,-2.35912e-01,-4.34666e-03,-1.28552e-21,1,8.04040e-01,1.26993e+00,1.29410e-01,8.04000e-03
-9.62159e-03,-2.36653e-01,-4.61819e-03,-1.28888e-21,1,8.05040e-01,1.27093e+00,1.29410e-01,8.05000e-03
-9.68924e-03,-2.37385e-01,-4.90364e-03,-1.29114e-21,1,8.06040e-01,1.27193e+00,1.29410e-01,8.06000e-03
-9.75690e-03,-2.38118e-01,-5.18909e-03,-1.29340e-21,1,8.07040e-01,1.27293e+00,1.29410e-01,8.07000e-03
-9.82454e-03,-2.38851e-01,-5.47451e-03,-1.29566e-21,1,8.08040e-01,1.27393e+00,1.29410e-01,8.08000e-03
-9.89220e-03,-2.39584e-01,-5.75996e-03,-1.29792e-21,1,8.09040e-01,1.27493e+00,1.29410e-01,8.09000e-03
-9.95984e-03,-2.40316e-01,-6.04538e-03,-1.30018e-21,1,8.10040e-01,1.27593e+00,1.29410e-01,8.10000e-03
-1.00275e-02,-2.41049e-01,-6.33083e-03,-1.30243e-21,1,8.11041e-01,1.27693e+00,1.29410e-01,8.11000e-03
-1.00951e-02,-2.41782e-01,-6.61628e-03,-1.30469e-21,1,8.12041e-01,1.27793e+00,1.29410e-01,8.12000e-03
-1.01628e-02,-2.42514e-01,-6.90170e-03,-1.30695e-21,1,8.13041e-01,1.27893e+00,1.29410e-01,8.13000e-03
-1.02304e-02,-2.43247e-01,-7.18715e-03,-1.30921e-21,1,8.14041e-01,1.27993e+00,1.29410e-01,8.14000e-03
-1.02981e-02,-2.43980e-01,-7.47260e-03,-1.31147e-21,1,8.15041e-01,1.28093e+00,1.29410e-01,8.15000e-03
-1.03657e-02,-2.44713e-01,-7.75802e-03,-1.31373e-21,1,8.16041e-01,1.28193e+00,1.29410e-01,8.16000e-03
-1.04334e-02,-2.45445e-01,-8.04347e-03,-1.31599e-21,1,8.17041e-01,1.28293e+00,1.29410e-01,8.17000e-03
-1.05024e-02,-2.46150e-01,-8.35538e-03,-1.31537e-21,1,8.18041e-01,1.28393e+00,1.29410e-01,8.18000e-03
-1.05715e-02,-2.46853e-01,-8.66834e-03,-1.31465e-21,1,8.19041e-01,1.28493e+00,1.29410e-01,8.19000e-03
-1.06406e-02,-2.47556e-01,-8.98130e-03,-1.31393e-21,1,8.20041e-01,1.28593e+00,1.29410e-01,8.20000e-03
-1.07097e-02,-2.48260e-01,-9.29423e-03,-1.31321e-21,1,8.21041e-01,1.28693e+00,1.29410e-01,8.21000e-03
-1.07788e-02,-2.48963e-01,-9.60719e-03,-1.31248e-21,1,8.22041e-01,1.28793e+00,1.29410e-01,8.22000e-03
-1.08479e-02,-2.49666e-01,-9.92011e-03,-1.31176e-21,1,8.23041e-01,1.28893e+00,1.29410e-01,8.23000e-03
-1.09169e-02,-2.50370e-01,-1.02331e-02,-1.31104e-21,1,8.24041e-01,1.28993e+00,1.29410e-01,8.24000e-03
-1.09860e-02,-2.51073e-01,-1.05460e-02,-1.31031e-21,1,8.25041e-01,1.29093e+00,1.29410e-01,8.25000e-03
-1.10551e-02,-2.51776e-01,-1.08590e-02,-1.30959e-21,1,8.26041e-01,1.29193e+00,1.29410e-01,8.26000e-03
-1.11242e-02,-2.52480e-01,-1.11719e-02,-1.30887e-21,1,8.27041e-01,1.29293e+00,1.29410e-01,8.27000e-03
-1.11933e-02,-2.53183e-01,-1.14849e-02,-1.30814e-21,1,8.28041e-01,1.29393e+00,1.29410e-01,8.28000e-03
-1.12624e-02,-2.53887e-01,-1.17978e-02,-1.30742e-21,1,8.29041e-01,1.29493e+00,1.29410e-01,8.29000e-03
-1.13312e-02,-2.54568e-01,-1.21235e-02,-1.30484e-21,1,8.30042e-01,1.29593e+00,1.29410e-01,8.30000e-03
-1.13998e-02,-2.55223e-01,-1.24638e-02,-1.30011e-21,1,8.31042e-01,1.29693e+00,1.29410e-01,8.31000e-03
-1.14684e-02,-2.55878e-01,-1.28042e-02,-1.29537e-21,1,8.32042e-01,1.29793e+00,1.29410e-01,8.32000e-03
-1.15370e-02,-2.56533e-01,-1.31445e-02,-1.29064e-21,1,8.33042e-01,1.29893e+00,1.29410e-01,8.33000e-03
-1.16056e-02,-2.57189e-01,-1.34849e-02,-1.28590e-21,1,8.34042e-01,1.29993e+00,1.29410e-01,8.34000e-03
-1.16742e-02,-2.57844e-01,-1.38252e-02,-1.28116e-21,1,8.35042e-01,1.30093e+00,1.29410e-01,8.35000e-03
-1.17428e-02,-2.58499e-01,-1.41656e-02,-1.27643e-21,1,8.36042e-01,1.30193e+00,1.29410e-01,8.36000e-03
-1.18114e-02,-2.59155e-01,-1.45059e-02,-1.27169e-21,1,8.37042e-01,1.30293e+00,1.29410e-01,8.37000e-03
-1.18800e-02,-2.59810e-01,-1.48463e-02,-1.26696e-21,1,8.38042e-01,1.30393e+00,1.29410e-01,8.38000e-03
-1.19485e-02,-2.60465e-01,-1.51866e-02,-1.26222e-21,1,8.39042e-01,1.30493e+00,1.29410e-01,8.39000e-03
-1.20171e-02,-2.61121e-01,-1.55270e-02,-1.25749e-21,1,8.40042e-01,1.30593e+00,1.29410e-01,8.40000e-03
-1.20857e-02,-2.61776e-01,-1.58673e-02,-1.25275e-21,1,8.41042e-01,1.30693e+00,1.29410e-01,8.41000e-03
-1.21543e-02,-2.62431e-01,-1.62077e-02,-1.24802e-21,1,8.42042e-01,1.30793e+00,1.29410e-01,8.42000e-03
-1.22199e-02,-2.63017e-01,-1.65720e-02,-1.23836e-21,1,8.43042e-01,1.30893e+00,1.29410e-01,8.43000e-03
-1.22854e-02,-2.63601e-01,-1.69371e-02,-1.22851e-21,1,8.44042e-01,1.30993e+00,1.29410e-01,8.44000e-03
-1.23510e-02,-2.64184e-01,-1.73024e-02,-1.21866e-21,1,8.45042e-01,1.31093e+00,1.29410e-01,8.45000e-03
-1.24165e-02,-2.64768e-01,-1.76675e-02,-1.20882e-21,1,8.46042e-01,1.31193e+00,1.29410e-01,8.46000e-03
-1.24820e-02,-2.65351e-01,-1.80327e-02,-1.19897e-21,1,8.47042e-01,1.31293e+00,1.29410e-01,8.47000e-03
-1.25475e-02,-2.65935e-01,-1.83979e-02,-1.18912e-21,1,8.48042e-01,1.31393e+00,1.29410e-01,8.48000e-03
-1.26130e-02,-2.66518e-01,-1.87631e-02,-1.17928e-21,1,8.49042e-01,1.31493e+00,1.29410e-01,8.49000e-03
-1.26785e-02,-2.67102e-01,-1.91283e-02,-1.16943e-21,1,8.50043e-01,1.31593e+00,1.29410e-01,8.50000e-03
-1.27440e-02,-2.67685e-01,-1.94935e-02,-1.15958e-21,1,8.51043e-01,1.31693e+00,1.29410e-01,8.51000e-03
-1.28095e-02,-2.68268e-01,-1.98587e-02,-1.14973e-21,1,8.52043e-01,1.31793e+00,1.29410e-01,8.52000e-03
-1.28750e-02,-2.68852e-01,-2.02239e-02,-1.13989e-21,1,8.53043e-01,1.31893e+00,1.29410e-01,8.53000e-03
-1.29405e-02,-2.69435e-01,-2.05891e-02,-1.13004e-21,1,8.54043e-01,1.31993e+00,1.29410e-01,8.54000e-03
-1.30031e-02,-2.69972e-01,-2.09631e-02,-1.11731e-21,1,8.55043e-01,1.32093e+00,1.29410e-01,8.55000e-03
-1.30622e-02,-2.70454e-01,-2.13474e-02,-1.10124e-21,1,8.56043e-01,1.32193e+00,1.29410e-01,8.56000e-03
-1.31213e-02,-2.70937e-01,-2.17317e-02,-1.08516e-21,1,8.57043e-01,1.32293e+00,1.29410e-01,8.57000e-03
-1.31804e-02,-2.71419e-01,-2.21160e-02,-1.06909e-21,1,8.58043e-01,1.32393e+00,1.29410e-01,8.58000e-03
-1.32395e-02,-2.71901e-01,-2.25003e-02,-1.05302e-21,1,8.59043e-01,1.32493e+00,1.29410e-01,8.59000e-03
-1.32987e-02,-2.72383e-01,-2.28846e-02,-1.03694e-21,1,8.60043e-01,1.32593e+00,1.29410e-01,8.60000e-03
-1.33578e-02,-2.72866e-01,-2.32688e-02,-1.02087e-21,1,8.61043e-01,1.32693e+00,1.29410e-01,8.61000e-03
-1.34169e-02,-2.73348e-01,-2.36532e-02,-1.00480e-21,1,8.62043e-01,1.32793e+00,1.29410e-01,8.62000e-03
-1.34761e-02,-2.73830e-01,-2.40375e-02,-9.88724e-22,1,8.63043e-01,1.32893e+00,1.29410e-01,8.63000e-03
-1.35352e-02,-2.74312e-01,-2.44217e-02,-9.72651e-22,1,8.64043e-01,1.32993e+00,1.29410e-01,8.64000e-03
-1.35943e-02,-2.74795e-01,-2.48061e-02,-9.56577e-22,1,8.65043e-01,1.33093e+00,1.29410e-01,8.65000e-03
-1.36534e-02,-2.75277e-01,-2.51904e-02,-9.40503e-22,1,8.66043e-01,1.33193e+00,1.29410e-01,8.66000e-03
-1.37125e-02,-2.75759e-01,-2.55746e-02,-9.24431e-22,1,8.67043e-01,1.33293e+00,1.29410e-01,8.67000e-03
-1.37617e-02,-2.76110e-01,-2.59681e-02,-9.01329e-22,1,8.68043e-01,1.33393e+00,1.29410e-01,8.68000e-03
-1.38104e-02,-2.76456e-01,-2.63618e-02,-8.77959e-22,1,8.69043e-01,1.33493e+00,1.29410e-01,8.69000e-03
-1.38591e-02,-2.76801e-01,-2.67556e-02,-8.54586e-22,1,8.70044e-01,1.33593e+00,1.29410e-01,8.70000e-03
-1.39079e-02,-2.77147e-01,-2.71494e-02,-8.31213e-22,1,8.71044e-01,1.33693e+00,1.29410e-01,8.71000e-03
-1.39566e-02,-2.77492e-01,-2.75432e-02,-8.07843e-22,1,8.72044e-01,1.33793e+00,1.29410e-01,8.72000e-03
-1.40053e-02,-2.77838e-01,-2.79370e-02,-7.84470e-22,1,8.73044e-01,1.33893e+00,1.29410e-01,8.73000e-03
-1.40541e-02,-2.78183e-01,-2.83308e-02,-7.61100e-22,1,8.74044e-01,1.33993e+00,1.29410e-01,8.74000e-03
-1.41028e-02,-2.78529e-01,-2.87246e-02,-7.37727e-22,1,8.75044e-01,1.34093e+00,1.29410e-01,8.75000e-03
-1.41515e-02,-2.78874e-01,-2.91184e-02,-7.14355e-22,1,8.76044e-01,1.34193e+00,1.29410e-01,8.76000e-03
-1.42003e-02,-2.79220e-01,-2.95121e-02,-6.90985e-22,1,8.77044e-01,1.34293e+00,1.29410e-01,8.77000e-03
-1.42490e-02,-2.79566e-01,-2.99059e-02,-6.67612e-22,1,8.78044e-01,1.34393e+00,1.29410e-01,8.78000e-03
-1.42977e-02,-2.79911e-01,-3.02997e-02,-6.44242e-22,1,8.79044e-01,1.34493e+00,1.29410e-01,8.79000e-03
-1.43395e-02,-2.80174e-01,-3.06914e-02,-6.17038e-22,1,8.80044e-01,1.34593e+00,1.29410e-01,8.80000e-03
-1.43731e-02,-2.80341e-01,-3.10806e-02,-5.85390e-22,1,8.81044e-01,1.34693e+00,1.29410e-01,8.81000e-03
-1.44067e-02,-2.80507e-01,-3.14698e-02,-5.53745e-22,1,8.82044e-01,1.34793e+00,1.29410e-01,8.82000e-03
-1.44404e-02,-2.80674e-01,-3.18590e-02,-5.22097e-22,1,8.83044e-01,1.34893e+00,1.29410e-01,8.83000e-03
-1.44740e-02,-2.80841e-01,-3.22482e-02,-4.90452e-22,1,8.84044e-01,1.34993e+00,1.29410e-01,8.84000e-03
-1.45076e-02,-2.81008e-01,-3.26374e-02,-4.58803e-22,1,8.85044e-01,1.35093e+00,1.29410e-01,8.85000e-03
-1.45413e-02,-2.81175e-01,-3.30267e-02,-4.27155e-22,1,8.86044e-01,1.35193e+00,1.29410e-01,8.86000e-03
-1.45749e-02,-2.81341e-01,-3.34159e-02,-3.95510e-22,1,8.87044e-01,1.35293e+00,1.29410e-01,8.87000e-03
-1.46085e-02,-2.81508e-01,-3.38051e-02,-3.63862e-22,1,8.88044e-01,1.35393e+00,1.29410e-01,8.88000e-03
-1.46421e-02,-2.81675e-01,-3.41943e-02,-3.32213e-22,1,8.89045e-01,1.35493e+00,1.29410e-01,8.89000e-03
-1.46758e-02,-2.81842e-01,-3.45835e-02,-3.00568e-22,1,8.90045e-01,1.35593e+00,1.29410e-01,8.90000e-03
-1.47094e-02,-2.82008e-01,-3.49727e-02,-2.68920e-22,1,8.91045e-01,1.35693e+00,1.29410e-01,8.91000e-03
-1.47430e-02,-2.82175e-01,-3.53619e-02,-2.37275e-22,1,8.92045e-01,1.35793e+00,1.29410e-01,8.92000e-03
-1.47570e-02,-2.82123e-01,-3.57285e-02,-1.96859e-22,1,8.93045e-01,1.35893e+00,1.29410e-01,8.93000e-03
-1.47702e-02,-2.82062e-01,-3.60942e-02,-1.56105e-22,1,8.94045e-01,1.35993e+00,1.29410e-01,8.94000e-03
-1.47833e-02,-2.82001e-01,-3.64598e-02,-1.15356e-22,1,8.95045e-01,1.36093e+00,1.29410e-01,8.95000e-03
-1.47965e-02,-2.81940e-01,-3.68255e-02,-7.46012e-23,1,8.96045e-01,1.36193e+00,1.29410e-01,8.96000e-03
-1.48097e-02,-2.81879e-01,-3.71911e-02,-3.38517e-23,1,8.97045e-01,1.36293e+00,1.29410e-01,8.97000e-03
-1.48229e-02,-2.81818e-01,-3.75568e-02,6.90265e-24,1,8.98045e-01,1.36393e+00,1.29410e-01,8.98000e-03
-1.48361e-02,-2.81757e-01,-3.79225e-02,4.76570e-23,1,8.99045e-01,1.36493e+00,1.29410e-01,8.99000e-03
-1.48493e-02,-2.81696e-01,-3.82882e-02,8.84065e-23,1,9.00045e-01,1.36593e+00,1.29410e-01,9.00000e-03
-1.48624e-02,-2.81635e-01,-3.86538e-02,1.29161e-22,1,9.01045e-01,1.36693e+00,1.29410e-01,9.01000e-03
-1.48756e-02,-2.81574e-01,-3.90195e-02,1.69910e-22,1,9.02045e-01,1.36793e+00,1.29410e-01,9.02000e-03
-1.48888e-02,-2.81513e-01,-3.93852e-02,2.10665e-22,1,9.03045e-01,1.36893e+00,1.29410e-01,9.03000e-03
-1.49020e-02,-2.81452e-01,-3.97509e-02,2.51419e-22,1,9.04045e-01,1.36993e+00,1.29410e-01,9.04000e-03
-1.49030e-02,-2.81260e-01,-4.00944e-02,2.96675e-22,1,9.05045e-01,1.37093e+00,1.29410e-01,9.05000e-03
-1.48898e-02,-2.80915e-01,-4.04124e-02,3.47164e-22,1,9.06045e-01,1.37193e+00,1.29410e-01,9.06000e-03
-1.48766e-02,-2.80571e-01,-4.07304e-02,3.97647e-22,1,9.07045e-01,1.37293e+00,1.29410e-01,9.07000e-03
-1.48634e-02,-2.80226e-01,-4.10484e-02,4.48136e-22,1,9.08045e-01,1.37393e+00,1.29410e-01,9.08000e-03
-1.48502e-02,-2.79881e-01,-4.13664e-02,4.98626e-22,1,9.09046e-01,1.37493e+00,1.29410e-01,9.09000e-03
-1.48371e-02,-2.79536e-01,-4.16843e-02,5.49109e-22,1,9.10045e-01,1.37593e+00,1.29410e-01,9.10000e-03
-1.48239e-02,-2.79192e-01,-4.20023e-02,5.99598e-22,1,9.11046e-01,1.37693e+00,1.29410e-01,9.11000e-03
-1.48107e-02,-2.78847e-01,-4.23203e-02,6.50081e-22,1,9.12046e-01,1.37793e+00,1.29410e-01,9.12000e-03
-1.47975e-02,-2.78502e-01,-4.26382e-02,7.00570e-22,1,9.13046e-01,1.37893e+00,1.29410e-01,9.13000e-03
-1.47844e-02,-2.78157e-01,-4.29562e-02,7.51060e-22,1,9.14046e-01,1.37993e+00,1.29410e-01,9.14000e-03
-1.47712e-02,-2.77813e-01,-4.32742e-02,8.01543e-22,1,9.15046e-01,1.38093e+00,1.29410e-01,9.15000e-03
-1.47580e-02,-2.77468e-01,-4.35922e-02,8.52032e-22,1,9.16046e-01,1.38193e+00,1.29410e-01,9.16000e-03
-1.47448e-02,-2.77123e-01,-4.39102e-02,9.02521e-22,1,9.17046e-01,1.38293e+00,1.29410e-01,9.17000e-03
-1.47002e-02,-2.76444e-01,-4.41540e-02,9.62791e-22,1,9.18046e-01,1.38393e+00,1.29410e-01,9.18000e-03
-1.46543e-02,-2.75752e-01,-4.43949e-02,1.02344e-21,1,9.19046e-01,1.38493e+00,1.29410e-01,9.19000e-03
-1.46084e-02,-2.75060e-01,-4.46358e-02,1.08409e-21,1,9.20046e-01,1.38593e+00,1.29410e-01,9.20000e-03
-1.45625e-02,-2.74368e-01,-4.48768e-02,1.14474e-21,1,9.21046e-01,1.38693e+00,1.29410e-01,9.21000e-03
-1.45166e-02,-2.73676e-01,-4.51178e-02,1.20540e-21,1,9.22046e-01,1.38793e+00,1.29410e-01,9.22000e-03
-1.44708e-02,-2.72984e-01,-4.53587e-02,1.26604e-21,1,9.23046e-01,1.38893e+00,1.29410e-01,9.23000e-03
-1.44249e-02,-2.72292e-01,-4.55996e-02,1.32670e-21,1,9.24046e-01,1.38993e+00,1.29410e-01,9.24000e-03
-1.43790e-02,-2.71600e-01,-4.58406e-02,1.38734e-21,1,9.25046e-01,1.39093e+00,1.29410e-01,9.25000e-03
-1.43331e-02,-2.70908e-01,-4.60815e-02,1.44800e-21,1,9.26046e-01,1.39193e+00,1.29410e-01,9.26000e-03
-1.42872e-02,-2.70216e-01,-4.63225e-02,1.50865e-21,1,9.27046e-01,1.39293e+00,1.29410e-01,9.27000e-03
-1.42414e-02,-2.69524e-01,-4.65634e-02,1.56930e-21,1,9.28046e-01,1.39393e+00,1.29410e-01,9.28000e-03
-1.41955e-02,-2.68832e-01,-4.68044e-02,1.62995e-21,1,9.29046e-01,1.39493e+00,1.29410e-01,9.29000e-03
-1.41314e-02,-2.67947e-01,-4.69938e-02,1.69550e-21,1,9.30046e-01,1.39593e+00,1.29410e-01,9.30000e-03
-1.40461e-02,-2.66837e-01,-4.71234e-02,1.76674e-21,1,9.31047e-01,1.39693e+00,1.29410e-01,9.31000e-03
-1.39608e-02,-2.65727e-01,-4.72530e-02,1.83798e-21,1,9.32047e-01,1.39793e+00,1.29410e-01,9.32000e-03
-1.38755e-02,-2.64618e-01,-4.73826e-02,1.90922e-21,1,9.33047e-01,1.39893e+00,1.29410e-01,9.33000e-03
-1.37903e-02,-2.63508e-01,-4.75122e-02,1.98046e-21,1,9.34047e-01,1.39993e+00,1.29410e-01,9.34000e-03
-1.37050e-02,-2.62398e-01,-4.76418e-02,2.05169e-21,1,9.35047e-01,1.40093e+00,1.29410e-01,9.35000e-03
-1.36197e-02,-2.61288e-01,-4.77714e-02,2.12294e-21,1,9.36047e-01,1.40193e+00,1.29410e-01,9.36000e-03
-1.35345e-02,-2.60178e-01,-4.79011e-02,2.19418e-21,1,9.37047e-01,1.40293e+00,1.29410e-01,9.37000e-03
-1.34492e-02,-2.59068e-01,-4.80307e-02,2.26541e-21,1,9.38047e-01,1.40393e+00,1.29410e-01,9.38000e-03
-1.33639e-02,-2.57958e-01,-4.81603e-02,2.33665e-21,1,9.39047e-01,1.40493e+00,1.29410e-01,9.39000e-03
-1.32786e-02,-2.56848e-01,-4.82899e-02,2.40790e-21,1,9.40047e-01,1.40593e+00,1.29410e-01,9.40000e-03
-1.31934e-02,-2.55739e-01,-4.84195e-02,2.47913e-21,1,9.41047e-01,1.40693e+00,1.29410e-01,9.41000e-03
-1.31081e-02,-2.54629e-01,-4.85491e-02,2.55037e-21,1,9.42047e-01,1.40793e+00,1.29410e-01,9.42000e-03
-1.29780e-02,-2.53041e-01,-4.85347e-02,2.63200e-21,1,9.43047e-01,1.40893e+00,1.29410e-01,9.43000e-03
-1.28463e-02,-2.51435e-01,-4.85147e-02,2.71403e-21,1,9.44047e-01,1.40993e+00,1.29410e-01,9.44000e-03
-1.27145e-02,-2.49829e-01,-4.84946e-02,2.79606e-21,1,9.45047e-01,1.41093e+00,1.29410e-01,9.45000e-03
-1.25827e-02,-2.48223e-01,-4.84746e-02,2.87808e-21,1,9.46047e-01,1.41193e+00,1.29410e-01,9.46000e-03
-1.24509e-02,-2.46617e-01,-4.84546e-02,2.96011e-21,1,9.47047e-01,1.41293e+00,1.29410e-01,9.47000e-03
-1.23191e-02,-2.45012e-01,-4.84346e-02,3.04213e-21,1,9.48047e-01,1.41393e+00,1.29410e-01,9.48000e-03
-1.21873e-02,-2.43406e-01,-4.84146e-02,3.12416e-21,1,9.49047e-01,1.41493e+00,1.29410e-01,9.49000e-03
-1.20555e-02,-2.41800e-01,-4.83946e-02,3.20619e-21,1,9.50048e-01,1.41593e+00,1.29410e-01,9.50000e-03
-1.19237e-02,-2.40194e-01,-4.83746e-02,3.28821e-21,1,9.51048e-01,1.41693e+00,1.29410e-01,9.51000e-03
-1.17919e-02,-2.38588e-01,-4.83546e-02,3.37024e-21,1,9.52048e-01,1.41793e+00,1.29410e-01,9.52000e-03
-1.16601e-02,-2.36982e-01,-4.83345e-02,3.45226e-21,1,9.53048e-01,1.41893e+00,1.29410e-01,9.53000e-03
-1.15283e-02,-2.35376e-01,-4.83145e-02,3.53429e-21,1,9.54048e-01,1.41993e+00,1.29410e-01,9.54000e-03
-1.13717e-02,-2.33501e-01,-4.82063e-02,3.61991e-21,1,9.55048e-01,1.42093e+00,1.29410e-01,9.55000e-03
-1.11862e-02,-2.31313e-01,-4.79958e-02,3.70967e-21,1,9.56048e-01,1.42193e+00,1.29410e-01,9.56000e-03
-1.10006e-02,-2.29125e-01,-4.77852e-02,3.79944e-21,1,9.57048e-01,1.42293e+00,1.29410e-01,9.57000e-03
-1.08151e-02,-2.26937e-01,-4.75747e-02,3.88920e-21,1,9.58048e-01,1.42393e+00,1.29410e-01,9.58000e-03
-1.06296e-02,-2.24749e-01,-4.73641e-02,3.97898e-21,1,9.59048e-01,1.42493e+00,1.29410e-01,9.59000e-03
-1.04441e-02,-2.22561e-01,-4.71535e-02,4.06875e-21,1,9.60048e-01,1.42593e+00,1.29410e-01,9.60000e-03
-1.02586e-02,-2.20373e-01,-4.69430e-02,4.15851e-21,1,9.61048e-01,1.42693e+00,1.29410e-01,9.61000e-03
-1.00731e-02,-2.18185e-01,-4.67324e-02,4.24828e-21,1,9.62048e-01,1.42793e+00,1.29410e-01,9.62000e-03
-9.88753e-03,-2.15997e-01,-4.65219e-02,4.33805e-21,1,9.63048e-01,1.42893e+00,1.29410e-01,9.63000e-03
-9.70203e-03,-2.13809e-01,-4.63113e-02,4.42782e-21,1,9.64048e-01,1.42993e+00,1.29410e-01,9.64000e-03
-9.51650e-03,-2.11621e-01,-4.61008e-02,4.51759e-21,1,9.65048e-01,1.43093e+00,1.29410e-01,9.65000e-03
-9.33100e-03,-2.09434e-01,-4.58902e-02,4.60735e-21,1,9.66048e-01,1.43193e+00,1.29410e-01,9.66000e-03
-9.14547e-03,-2.07245e-01,-4.56797e-02,4.69712e-21,1,9.67048e-01,1.43293e+00,1.29410e-01,9.67000e-03
-8.90460e-03,-2.04407e-01,-4.52427e-02,4.78463e-21,1,9.68048e-01,1.43393e+00,1.29410e-01,9.68000e-03
-8.66163e-03,-2.01544e-01,-4.47970e-02,4.87204e-21,1,9.69048e-01,1.43493e+00,1.29410e-01,9.69000e-03
-8.41862e-03,-1.98680e-01,-4.43513e-02,4.95945e-21,1,9.70049e-01,1.43593e+00,1.29410e-01,9.70000e-03
-8.17565e-03,-1.95817e-01,-4.39057e-02,5.04686e-21,1,9.71049e-01,1.43693e+00,1.29410e-01,9.71000e-03
-7.93264e-03,-1.92954e-01,-4.34600e-02,5.13428e-21,1,9.72049e-01,1.43793e+00,1.29410e-01,9.72000e-03
-7.68964e-03,-1.90090e-01,-4.30143e-02,5.22170e-21,1,9.73049e-01,1.43893e+00,1.29410e-01,9.73000e-03
-7.44667e-03,-1.87227e-01,-4.25686e-02,5.30911e-21,1,9.74049e-01,1.43993e+00,1.29410e-01,9.74000e-03
-7.20366e-03,-1.84364e-01,-4.21229e-02,5.39653e-21,1,9.75049e-01,1.44093e+00,1.29410e-01,9.75000e-03
-6.96069e-03,-1.81501e-01,-4.16773e-02,5.48393e-21,1,9.76049e-01,1.44193e+00,1.29410e-01,9.76000e-03
-6.71768e-03,-1.78637e-01,-4.12316e-02,5.57135e-21,1,9.77049e-01,1.44293e+00,1.29410e-01,9.77000e-03
-6.47468e-03,-1.75774e-01,-4.07859e-02,5.65877e-21,1,9.78049e-01,1.44393e+00,1.29410e-01,9.78000e-03
-6.23171e-03,-1.72911e-01,-4.03402e-02,5.74618e-21,1,9.79049e-01,1.44493e+00,1.29410e-01,9.79000e-03
-5.96416e-03,-1.69692e-01,-3.97474e-02,5.87483e-21,1,9.80049e-01,1.44593e+00,1.29410e-01,9.80000e-03
-5.66817e-03,-1.66061e-01,-3.89838e-02,6.05130e-21,1,9.81049e-01,1.44693e+00,1.29410e-01,9.81000e-03
-5.37215e-03,-1.62430e-01,-3.82202e-02,6.22779e-21,1,9.82049e-01,1.44793e+00,1.29410e-01,9.82000e-03
-5.07612e-03,-1.58799e-01,-3.74565e-02,6.40428e-21,1,9.83049e-01,1.44893e+00,1.29410e-01,9.83000e-03
-4.78013e-03,-1.55169e-01,-3.66930e-02,6.58074e-21,1,9.84049e-01,1.44993e+00,1.29410e-01,9.84000e-03
-4.48411e-03,-1.51538e-01,-3.59294e-02,6.75723e-21,1,9.85049e-01,1.45093e+00,1.29410e-01,9.85000e-03
-4.18812e-03,-1.47907e-01,-3.51658e-02,6.93370e-21,1,9.86049e-01,1.45193e+00,1.29410e-01,9.86000e-03
-3.89210e-03,-1.44276e-01,-3.44022e-02,7.11019e-21,1,9.87049e-01,1.45293e+00,1.29410e-01,9.87000e-03
-3.59607e-03,-1.40645e-01,-3.36385e-02,7.28668e-21,1,9.88049e-01,1.45393e+00,1.29410e-01,9.88000e-03
-3.30008e-03,-1.37014e-01,-3.28750e-02,7.46315e-21,1,9.89049e-01,1.45493e+00,1.29410e-01,9.89000e-03
-3.00406e-03,-1.33383e-01,-3.21114e-02,7.63964e-21,1,9.90049e-01,1.45593e+00,1.29410e-01,9.90000e-03
-2.70803e-03,-1.29752e-01,-3.13477e-02,7.81613e-21,1,9.91050e-01,1.45693e+00,1.29410e-01,9.91000e-03
-2.41204e-03,-1.26122e-01,-3.05842e-02,7.99260e-21,1,9.92050e-01,1.45793e+00,1.29410e-01,9.92000e-03
-1.95511e-03,-1.21610e-01,-2.96128e-02,7.98319e-21,1,9.93050e-01,1.45893e+00,1.29410e-01,9.93000e-03
-1.49204e-03,-1.17065e-01,-2.86334e-02,7.96663e-21,1,9.94050e-01,1.45993e+00,1.29410e-01,9.94000e-03
-1.02892e-03,-1.12520e-01,-2.76540e-02,7.95007e-21,1,9.95050e-01,1.46093e+00,1.29410e-01,9.95000e-03
-5.65795e-04,-1.07974e-01,-2.66746e-02,7.93350e-21,1,9.96050e-01,1.46193e+00,1.29410e-01,9.96000e-03
-1.02726e-04,-1.03429e-01,-2.56953e-02,7.91694e-21,1,9.97050e-01,1.46293e+00,1.29410e-01,9.97000e-03
3.60399e-04,-9.88837e-02,-2.47158e-02,7.90037e-21,1,9.98050e-01,1.46393e+00,1.29410e-01,9.98000e-03
8.23468e-04,-9.43388e-02,-2.37365e-02,7.88381e-21,1,9.99050e-01,1.46493e+00,1.29410e-01,9.99000e-03
1.28659e-03,-8.97932e-02,-2.27571e-02,7.86724e-21,1,1.00005e+00,1.46593e+00,1.29410e-01,1.00000e-02
